'gameName','gameId','gameLink','itemType','noItems','noOfficialItems','itemName','createdBy','itemSize','postedTime','updatedTime','itemDesc','isCurated','isRTU','noUniqVis','noFavs','noSubs','rating'
!Anyway!,866510,https://steamcommunity.com/app/866510/workshop/,2,2,󠀡󠀡 󠀡󠀡󠀡󠀡 󠀡 󠀡󠀡 󠀡 󠀡󠀡 󠀡󠀡,็,Unique Visitors,Current Favorites,N/A,N/A,Yes,No,394,10,N/A,N/A
!Anyway!,866510,https://steamcommunity.com/app/866510/workshop/,2,2,­­­­,็,Unique Visitors,Current Favorites,N/A,⁣,No,Yes,107,0,N/A,N/A
#monstercakes,614910,https://steamcommunity.com/app/614910/workshop/,256,102,Dollar,nik1ats,0.009 MB,"Oct 30, 2018 @ 10:24am",N/A,,Yes,No,23,N/A,1,N/A
#monstercakes,614910,https://steamcommunity.com/app/614910/workshop/,256,102,sleep,"●✿Fly✿Tower✿●
Online",0.170 MB,"Mar 11, 2019 @ 1:57am",N/A,,Yes,No,13,N/A,0,N/A
#monstercakes,614910,https://steamcommunity.com/app/614910/workshop/,256,102,hypnotized,"●✿Fly✿Tower✿●
Online",0.170 MB,"Mar 11, 2019 @ 1:57am",N/A,,Yes,No,11,N/A,0,N/A
#monstercakes,614910,https://steamcommunity.com/app/614910/workshop/,256,102,happy,"●✿Fly✿Tower✿●
Online",0.170 MB,"Mar 11, 2019 @ 1:56am",N/A,,Yes,No,10,N/A,1,N/A
#monstercakes,614910,https://steamcommunity.com/app/614910/workshop/,256,102,Flowers,"Smyga
Online",0.019 MB,"Apr 3, 2018 @ 11:35am",N/A,,Yes,No,372,N/A,13,N/A
#monstercakes,614910,https://steamcommunity.com/app/614910/workshop/,256,102,suspect,"●✿Fly✿Tower✿●
Online",0.170 MB,"Mar 11, 2019 @ 1:59am",N/A,,Yes,No,8,N/A,0,N/A
#monstercakes,614910,https://steamcommunity.com/app/614910/workshop/,256,102,angry,"●✿Fly✿Tower✿●
Online",0.170 MB,"Mar 11, 2019 @ 1:55am",N/A,,Yes,No,7,N/A,0,N/A
#monstercakes,614910,https://steamcommunity.com/app/614910/workshop/,256,102,cat1,"●✿Fly✿Tower✿●
Online",0.810 MB,"Mar 11, 2019 @ 2:12am",N/A,,Yes,No,347,N/A,15,N/A
#monstercakes,614910,https://steamcommunity.com/app/614910/workshop/,256,102,cat9,"●✿Fly✿Tower✿●
Online",0.810 MB,"Mar 11, 2019 @ 2:14am",N/A,,Yes,No,230,N/A,10,N/A
#monstercakes,614910,https://steamcommunity.com/app/614910/workshop/,256,102,cat2,"●✿Fly✿Tower✿●
Online",0.810 MB,"Mar 11, 2019 @ 2:12am",N/A,,Yes,No,66,N/A,5,N/A
#monstercakes,614910,https://steamcommunity.com/app/614910/workshop/,256,102,cat8,"●✿Fly✿Tower✿●
Online",0.810 MB,"Mar 11, 2019 @ 2:14am",N/A,,Yes,No,65,N/A,4,N/A
#monstercakes,614910,https://steamcommunity.com/app/614910/workshop/,256,102,cat5,"●✿Fly✿Tower✿●
Online",0.810 MB,"Mar 11, 2019 @ 2:13am",N/A,,Yes,No,74,N/A,6,N/A
#monstercakes,614910,https://steamcommunity.com/app/614910/workshop/,256,102,cat4,"●✿Fly✿Tower✿●
Online",0.810 MB,"Mar 11, 2019 @ 2:13am",N/A,,Yes,No,31,N/A,3,N/A
#monstercakes,614910,https://steamcommunity.com/app/614910/workshop/,256,102,cat3,"●✿Fly✿Tower✿●
Online",0.810 MB,"Mar 11, 2019 @ 2:12am",N/A,,Yes,No,N/A,N/A,N/A,N/A
#monstercakes,614910,https://steamcommunity.com/app/614910/workshop/,256,102,cat7,"●✿Fly✿Tower✿●
Online",0.810 MB,"Mar 11, 2019 @ 2:14am",N/A,,Yes,No,45,N/A,3,N/A
#monstercakes,614910,https://steamcommunity.com/app/614910/workshop/,256,102,Games Pack,xloB,0.646 MB,"Apr 4, 2018 @ 6:14am",N/A,,Yes,No,N/A,N/A,N/A,N/A
#monstercakes,614910,https://steamcommunity.com/app/614910/workshop/,256,102,Flower Rainbow,blood_demon,0.259 MB,"Jan 17, 2018 @ 10:27am",N/A,,Yes,No,957,N/A,44,N/A
#monstercakes,614910,https://steamcommunity.com/app/614910/workshop/,256,102,Heart Kiss,blood_demon,0.355 MB,"Jan 16, 2018 @ 6:48am",N/A,,Yes,No,N/A,N/A,N/A,N/A
#monstercakes,614910,https://steamcommunity.com/app/614910/workshop/,256,102,smile,"●✿Fly✿Tower✿●
Online",0.170 MB,"Mar 11, 2019 @ 1:59am",N/A,,Yes,No,N/A,N/A,N/A,N/A
#monstercakes,614910,https://steamcommunity.com/app/614910/workshop/,256,102,Fist,xloB,0.024 MB,"Apr 10, 2018 @ 3:47pm",N/A,,Yes,No,N/A,N/A,N/A,N/A
#monstercakes,614910,https://steamcommunity.com/app/614910/workshop/,256,102,Heart Fade,blood_demon,0.056 MB,"Jan 16, 2018 @ 4:08am",N/A,,Yes,No,518,N/A,26,N/A
#monstercakes,614910,https://steamcommunity.com/app/614910/workshop/,256,102,Cross (Аз Воздам),sfarog [m0rph],0.015 MB,"Feb 26, 2020 @ 12:39am",N/A,,Yes,No,48,N/A,1,N/A
#monstercakes,614910,https://steamcommunity.com/app/614910/workshop/,256,102,Skull Bashed,xloB,0.017 MB,"Apr 4, 2018 @ 4:42am","Apr 4, 2018 @ 5:25am",,Yes,No,N/A,N/A,N/A,N/A
#monstercakes,614910,https://steamcommunity.com/app/614910/workshop/,256,102,Meme 4,"●✿Fly✿Tower✿●
Online",0.438 MB,"Mar 27, 2019 @ 9:39am",N/A,,Yes,No,134,N/A,5,N/A
#monstercakes,614910,https://steamcommunity.com/app/614910/workshop/,256,102,Shark,"Smyga
Online",0.010 MB,"Apr 21, 2019 @ 10:17pm",N/A,,Yes,No,39,N/A,0,N/A
#monstercakes,614910,https://steamcommunity.com/app/614910/workshop/,256,102,Drunken Smile,"Smyga
Online",0.016 MB,"Mar 20, 2018 @ 12:00pm",N/A,,Yes,No,149,N/A,2,N/A
#monstercakes,614910,https://steamcommunity.com/app/614910/workshop/,256,102,Oskal 2,sfarog [m0rph],0.055 MB,"Feb 26, 2020 @ 12:47am",N/A,,Yes,No,38,N/A,6,N/A
#monstercakes,614910,https://steamcommunity.com/app/614910/workshop/,256,102,Oskal 1,sfarog [m0rph],0.055 MB,"Feb 26, 2020 @ 12:47am",N/A,,Yes,No,30,N/A,5,N/A
#monstercakes,614910,https://steamcommunity.com/app/614910/workshop/,256,102,Long loaf,"●✿Fly✿Tower✿●
Online",1.771 MB,"Apr 4, 2019 @ 3:24am",N/A,,Yes,No,47,N/A,0,N/A
#monstercakes,614910,https://steamcommunity.com/app/614910/workshop/,256,102,FC Joystick,"Smyga
Online",0.013 MB,"Dec 2, 2021 @ 4:02am",N/A,,Yes,No,72,N/A,1,N/A
#monstercakes,614910,https://steamcommunity.com/app/614910/workshop/,256,102,SNES Joystick,"Smyga
Online",0.014 MB,"Dec 1, 2021 @ 8:20am",N/A,,Yes,No,50,N/A,1,N/A
#monstercakes,614910,https://steamcommunity.com/app/614910/workshop/,256,102,NES Joystick,"Smyga
Online",0.014 MB,"Dec 1, 2021 @ 3:00pm",N/A,,Yes,No,39,N/A,0,N/A
#monstercakes,614910,https://steamcommunity.com/app/614910/workshop/,256,102,Privet (Привет),sfarog [m0rph],0.009 MB,"Feb 26, 2020 @ 12:48am",N/A,,Yes,No,19,N/A,1,N/A
#monstercakes,614910,https://steamcommunity.com/app/614910/workshop/,256,102,Ice Cream,"Smyga
Online",0.007 MB,"Jul 27, 2018 @ 2:38pm",N/A,,Yes,No,71,N/A,1,N/A
#monstercakes,614910,https://steamcommunity.com/app/614910/workshop/,256,102,SEGA Joystick,"Smyga
Online",0.013 MB,"Dec 2, 2021 @ 1:57am",N/A,,Yes,No,38,N/A,1,N/A
#monstercakes,614910,https://steamcommunity.com/app/614910/workshop/,256,102,Coin Pack,LIF3,2.753 MB,"May 12, 2021 @ 5:43pm",N/A,,Yes,No,41,N/A,1,N/A
#monstercakes,614910,https://steamcommunity.com/app/614910/workshop/,256,102,Heart Cloud,blood_demon,0.127 MB,"Jan 16, 2018 @ 4:39am",N/A,,Yes,No,223,N/A,6,N/A
#monstercakes,614910,https://steamcommunity.com/app/614910/workshop/,256,102,Jizn (Жизнь),sfarog [m0rph],0.009 MB,"Feb 26, 2020 @ 12:44am",N/A,,Yes,No,16,N/A,2,N/A
#monstercakes,614910,https://steamcommunity.com/app/614910/workshop/,256,102,Cancer,Uncle77,3.766 MB,"Mar 5, 2018 @ 6:10am",N/A,,Yes,No,13,N/A,5,N/A
#monstercakes,614910,https://steamcommunity.com/app/614910/workshop/,256,102,Sweety Lips,"Smyga
Online",0.010 MB,"Mar 26, 2018 @ 11:14am",N/A,,Yes,No,47,N/A,3,N/A
#monstercakes,614910,https://steamcommunity.com/app/614910/workshop/,256,102,SM (СМ),sfarog [m0rph],0.007 MB,"Feb 26, 2020 @ 12:49am",N/A,,Yes,No,8,N/A,1,N/A
#monstercakes,614910,https://steamcommunity.com/app/614910/workshop/,256,102,Voram (Ворам),sfarog [m0rph],0.008 MB,"Feb 26, 2020 @ 12:50am",N/A,,Yes,No,24,N/A,3,N/A
#monstercakes,614910,https://steamcommunity.com/app/614910/workshop/,256,102,Illuminati,LIF3,0.234 MB,"Jan 22, 2018 @ 3:22pm",N/A,,Yes,No,N/A,N/A,N/A,N/A
#monstercakes,614910,https://steamcommunity.com/app/614910/workshop/,256,102,hand 4,"●✿Fly✿Tower✿●
Online",8.633 MB,"Apr 26, 2019 @ 9:28am",N/A,,Yes,No,44,N/A,1,N/A
#monstercakes,614910,https://steamcommunity.com/app/614910/workshop/,256,102,Cookie,"●✿Fly✿Tower✿●
Online",1.771 MB,"Apr 4, 2019 @ 3:23am",N/A,,Yes,No,27,N/A,0,N/A
#monstercakes,614910,https://steamcommunity.com/app/614910/workshop/,256,102,Heart Rainbow,blood_demon,0.850 MB,"Jan 16, 2018 @ 10:01am",N/A,,Yes,No,N/A,N/A,N/A,N/A
#monstercakes,614910,https://steamcommunity.com/app/614910/workshop/,256,102,Taurus,Uncle77,3.766 MB,"Mar 5, 2018 @ 6:08am",N/A,,Yes,No,13,N/A,3,N/A
#monstercakes,614910,https://steamcommunity.com/app/614910/workshop/,256,102,Red Heart,Uncle77,1.365 MB,"Jan 17, 2018 @ 10:25pm",N/A,,Yes,No,91,N/A,6,N/A
#monstercakes,614910,https://steamcommunity.com/app/614910/workshop/,256,102,hand 5,"●✿Fly✿Tower✿●
Online",8.633 MB,"Apr 26, 2019 @ 9:29am",N/A,,Yes,No,27,N/A,0,N/A
#monstercakes,614910,https://steamcommunity.com/app/614910/workshop/,256,102,Sticker | Razer,sokоl-net,0.687 MB,"Oct 17, 2019 @ 5:42pm",N/A,,Yes,No,86,N/A,13,N/A
#monstercakes,614910,https://steamcommunity.com/app/614910/workshop/,256,102,Pisces,Uncle77,3.766 MB,"Mar 7, 2018 @ 5:40am",N/A,,Yes,No,13,N/A,3,N/A
#monstercakes,614910,https://steamcommunity.com/app/614910/workshop/,256,102,Aries,Uncle77,3.766 MB,"Mar 5, 2018 @ 6:08am",N/A,,Yes,No,11,N/A,4,N/A
#monstercakes,614910,https://steamcommunity.com/app/614910/workshop/,256,102,Rose,LIF3,0.324 MB,"Jan 22, 2018 @ 3:21pm",N/A,,Yes,No,112,N/A,3,N/A
#monstercakes,614910,https://steamcommunity.com/app/614910/workshop/,256,102,Wraith King,"Smyga
Online",0.023 MB,"Mar 21, 2018 @ 10:57am",N/A,,Yes,No,141,N/A,1,N/A
#monstercakes,614910,https://steamcommunity.com/app/614910/workshop/,256,102,JV (ЖВ),sfarog [m0rph],0.006 MB,"Feb 26, 2020 @ 12:46am",N/A,,Yes,No,8,N/A,0,N/A
#monstercakes,614910,https://steamcommunity.com/app/614910/workshop/,256,102,Happy Pumpkin,"Smyga
Online",0.012 MB,"Oct 2, 2018 @ 11:07am",N/A,,Yes,No,46,N/A,1,N/A
#monstercakes,614910,https://steamcommunity.com/app/614910/workshop/,256,102,Aquarius,Uncle77,3.766 MB,"Mar 5, 2018 @ 6:16am",N/A,,Yes,No,9,N/A,3,N/A
#monstercakes,614910,https://steamcommunity.com/app/614910/workshop/,256,102,Sagittarius,Uncle77,3.766 MB,"Mar 5, 2018 @ 6:14am",N/A,,Yes,No,4,N/A,3,N/A
#monstercakes,614910,https://steamcommunity.com/app/614910/workshop/,256,102,Libra,Uncle77,3.766 MB,"Mar 5, 2018 @ 6:13am",N/A,,Yes,No,10,N/A,4,N/A
#monstercakes,614910,https://steamcommunity.com/app/614910/workshop/,256,102,Potter's Field Pumpkin,"Smyga
Online",0.016 MB,"Feb 4, 2022 @ 9:34am",N/A,"A potter's field, paupers' grave or common grave is a place for the burial of unknown, unclaimed or indigent people.


Have nice death today!",Yes,No,45,N/A,3,N/A
#monstercakes,614910,https://steamcommunity.com/app/614910/workshop/,256,102,hand 2,"●✿Fly✿Tower✿●
Online",8.633 MB,"Apr 26, 2019 @ 9:28am",N/A,,Yes,No,34,N/A,1,N/A
#monstercakes,614910,https://steamcommunity.com/app/614910/workshop/,256,102,hand 1,"●✿Fly✿Tower✿●
Online",8.633 MB,"Apr 26, 2019 @ 9:27am",N/A,,Yes,No,24,N/A,0,N/A
#monstercakes,614910,https://steamcommunity.com/app/614910/workshop/,256,102,egg8,"●✿Fly✿Tower✿●
Online",0.553 MB,"Mar 28, 2019 @ 7:02am",N/A,,Yes,No,6,N/A,0,N/A
#monstercakes,614910,https://steamcommunity.com/app/614910/workshop/,256,102,Gold Cross,LIF3,0.274 MB,"Jan 23, 2018 @ 4:41am",N/A,,Yes,No,N/A,N/A,N/A,N/A
#monstercakes,614910,https://steamcommunity.com/app/614910/workshop/,256,102,Capricorn,Uncle77,3.766 MB,"Mar 5, 2018 @ 6:15am",N/A,,Yes,No,4,N/A,4,N/A
#monstercakes,614910,https://steamcommunity.com/app/614910/workshop/,256,102,Scorpio,Uncle77,3.766 MB,"Mar 5, 2018 @ 6:13am",N/A,,Yes,No,8,N/A,4,N/A
#monstercakes,614910,https://steamcommunity.com/app/614910/workshop/,256,102,Virgo,Uncle77,3.766 MB,"Mar 5, 2018 @ 6:12am",N/A,,Yes,No,7,N/A,3,N/A
#monstercakes,614910,https://steamcommunity.com/app/614910/workshop/,256,102,Leo,Uncle77,3.766 MB,"Mar 5, 2018 @ 6:11am",N/A,,Yes,No,6,N/A,4,N/A
#monstercakes,614910,https://steamcommunity.com/app/614910/workshop/,256,102,Gemini,Uncle77,3.766 MB,"Mar 5, 2018 @ 6:09am",N/A,,Yes,No,9,N/A,3,N/A
#monstercakes,614910,https://steamcommunity.com/app/614910/workshop/,256,102,egg17,"●✿Fly✿Tower✿●
Online",0.553 MB,"Mar 28, 2019 @ 7:05am",N/A,,Yes,No,14,N/A,0,N/A
#monstercakes,614910,https://steamcommunity.com/app/614910/workshop/,256,102,egg16,"●✿Fly✿Tower✿●
Online",0.553 MB,"Mar 28, 2019 @ 7:05am",N/A,,Yes,No,7,N/A,0,N/A
#monstercakes,614910,https://steamcommunity.com/app/614910/workshop/,256,102,egg13,"●✿Fly✿Tower✿●
Online",0.553 MB,"Mar 28, 2019 @ 7:04am",N/A,,Yes,No,2,N/A,0,N/A
#monstercakes,614910,https://steamcommunity.com/app/614910/workshop/,256,102,egg12,"●✿Fly✿Tower✿●
Online",0.553 MB,"Mar 28, 2019 @ 7:03am",N/A,,Yes,No,4,N/A,0,N/A
#monstercakes,614910,https://steamcommunity.com/app/614910/workshop/,256,102,egg10,"●✿Fly✿Tower✿●
Online",0.553 MB,"Mar 28, 2019 @ 7:03am",N/A,,Yes,No,4,N/A,0,N/A
#monstercakes,614910,https://steamcommunity.com/app/614910/workshop/,256,102,egg9,"●✿Fly✿Tower✿●
Online",0.553 MB,"Mar 28, 2019 @ 7:02am",N/A,,Yes,No,4,N/A,0,N/A
#monstercakes,614910,https://steamcommunity.com/app/614910/workshop/,256,102,egg5,"●✿Fly✿Tower✿●
Online",0.553 MB,"Mar 28, 2019 @ 7:00am",N/A,,Yes,No,4,N/A,0,N/A
#monstercakes,614910,https://steamcommunity.com/app/614910/workshop/,256,102,egg4,"●✿Fly✿Tower✿●
Online",0.553 MB,"Mar 28, 2019 @ 7:00am",N/A,,Yes,No,3,N/A,0,N/A
#monstercakes,614910,https://steamcommunity.com/app/614910/workshop/,256,102,egg1,"●✿Fly✿Tower✿●
Online",0.553 MB,"Mar 28, 2019 @ 6:58am",N/A,,Yes,No,4,N/A,0,N/A
#monstercakes,614910,https://steamcommunity.com/app/614910/workshop/,256,102,Meme 5,"●✿Fly✿Tower✿●
Online",0.438 MB,"Mar 27, 2019 @ 9:40am",N/A,,Yes,No,N/A,N/A,N/A,N/A
#monstercakes,614910,https://steamcommunity.com/app/614910/workshop/,256,102,Monster chips.,сан-ларан,0.092 MB,"Nov 3, 2018 @ 4:58am",N/A,,Yes,No,244,N/A,4,N/A
#monstercakes,614910,https://steamcommunity.com/app/614910/workshop/,256,102,Dendy Joystick,"Smyga
Online",0.014 MB,"Dec 2, 2021 @ 3:26am",N/A,,Yes,No,45,N/A,0,N/A
#monstercakes,614910,https://steamcommunity.com/app/614910/workshop/,256,102,egg18,"●✿Fly✿Tower✿●
Online",0.553 MB,"Mar 28, 2019 @ 7:06am",N/A,,Yes,No,13,N/A,0,N/A
#monstercakes,614910,https://steamcommunity.com/app/614910/workshop/,256,102,egg15,"●✿Fly✿Tower✿●
Online",0.553 MB,"Mar 28, 2019 @ 7:04am",N/A,,Yes,No,3,N/A,0,N/A
#monstercakes,614910,https://steamcommunity.com/app/614910/workshop/,256,102,egg14,"●✿Fly✿Tower✿●
Online",0.553 MB,"Mar 28, 2019 @ 7:04am",N/A,,Yes,No,1,N/A,0,N/A
#monstercakes,614910,https://steamcommunity.com/app/614910/workshop/,256,102,egg11,"●✿Fly✿Tower✿●
Online",0.553 MB,"Mar 28, 2019 @ 7:03am",N/A,,Yes,No,2,N/A,0,N/A
#monstercakes,614910,https://steamcommunity.com/app/614910/workshop/,256,102,egg7,"●✿Fly✿Tower✿●
Online",0.553 MB,"Mar 28, 2019 @ 7:01am",N/A,,Yes,No,4,N/A,0,N/A
#monstercakes,614910,https://steamcommunity.com/app/614910/workshop/,256,102,egg6,"●✿Fly✿Tower✿●
Online",0.553 MB,"Mar 28, 2019 @ 7:01am",N/A,,Yes,No,2,N/A,0,N/A
#monstercakes,614910,https://steamcommunity.com/app/614910/workshop/,256,102,egg3,"●✿Fly✿Tower✿●
Online",0.553 MB,"Mar 28, 2019 @ 7:00am",N/A,,Yes,No,2,N/A,0,N/A
#monstercakes,614910,https://steamcommunity.com/app/614910/workshop/,256,102,egg2,"●✿Fly✿Tower✿●
Online",0.553 MB,"Mar 28, 2019 @ 6:59am",N/A,,Yes,No,3,N/A,0,N/A
#monstercakes,614910,https://steamcommunity.com/app/614910/workshop/,256,102,meme 3,"●✿Fly✿Tower✿●
Online",0.063 MB,"Mar 26, 2019 @ 11:43am",N/A,,Yes,No,26,N/A,2,N/A
#monstercakes,614910,https://steamcommunity.com/app/614910/workshop/,256,102,Cake,"Smyga
Online",0.015 MB,"Jun 5, 2018 @ 12:14pm",N/A,,Yes,No,59,N/A,4,N/A
#monstercakes,614910,https://steamcommunity.com/app/614910/workshop/,256,102,Black Heart,Uncle77,16.388 MB,"Jan 18, 2018 @ 12:46am",N/A,,Yes,No,70,N/A,9,N/A
#monstercakes,614910,https://steamcommunity.com/app/614910/workshop/,256,102,hand 3,"●✿Fly✿Tower✿●
Online",8.633 MB,"Apr 26, 2019 @ 9:28am",N/A,,Yes,No,29,N/A,0,N/A
#monstercakes,614910,https://steamcommunity.com/app/614910/workshop/,256,102,Baguette,"●✿Fly✿Tower✿●
Online",1.771 MB,"Apr 4, 2019 @ 3:23am",N/A,,Yes,No,29,N/A,0,N/A
#monstercakes,614910,https://steamcommunity.com/app/614910/workshop/,256,102,Gold Medal,Uncle77,1.655 MB,"Feb 4, 2018 @ 5:13am","Feb 4, 2018 @ 6:41pm",,Yes,No,59,N/A,4,N/A
#monstercakes,614910,https://steamcommunity.com/app/614910/workshop/,256,102,Cry Smile,"Smyga
Online",0.021 MB,"Mar 20, 2018 @ 12:07pm",N/A,,Yes,No,40,N/A,0,N/A
#monstercakes,614910,https://steamcommunity.com/app/614910/workshop/,256,102,Angry Smiles,"Smyga
Online",0.020 MB,"Mar 20, 2018 @ 11:52am",N/A,,Yes,No,44,N/A,0,N/A
#monstercakes,614910,https://steamcommunity.com/app/614910/workshop/,256,102,Whats Smile,"Smyga
Online",0.020 MB,"Mar 20, 2018 @ 12:10pm",N/A,,Yes,No,32,N/A,0,N/A
#monstercakes,614910,https://steamcommunity.com/app/614910/workshop/,256,102,Bit Coin,Uncle77,3.772 MB,"Mar 7, 2018 @ 5:27am",N/A,,Yes,No,N/A,N/A,N/A,N/A
#monstercakes,614910,https://steamcommunity.com/app/614910/workshop/,256,102,Crimson Heart,Uncle77,1.365 MB,"Jan 17, 2018 @ 10:29pm",N/A,,Yes,No,70,N/A,7,N/A
#monstercakes,614910,https://steamcommunity.com/app/614910/workshop/,256,102,Sticker | oXyroTH,sokоl-net,0.268 MB,"Apr 20, 2020 @ 11:00am",N/A,"oXyroTH, Alexander from Belarus.
Single russian speaking streamer on theta.tv

youtube video - https://youtu.be/J3KjyHvIWA0

Win many prizez, earn tfuels and exchange on merch
JOIN - https://www.theta.tv/invite/oxyroth",Yes,No,N/A,N/A,N/A,N/A
#monstercakes,614910,https://steamcommunity.com/app/614910/workshop/,256,102,hand 6,"●✿Fly✿Tower✿●
Online",8.633 MB,"Apr 26, 2019 @ 9:29am",N/A,,Yes,No,37,N/A,3,N/A
#monstercakes,614910,https://steamcommunity.com/app/614910/workshop/,256,102,disconnect,sfarog [m0rph],0.065 MB,"Jul 1, 2018 @ 5:59am",N/A,,Yes,No,8,N/A,1,N/A
#monstercakes,614910,https://steamcommunity.com/app/614910/workshop/,256,102,Wondered Pumpkin,"Smyga
Online",0.012 MB,"Oct 2, 2018 @ 11:05am",N/A,,Yes,No,35,N/A,0,N/A
#monstercakes,614910,https://steamcommunity.com/app/614910/workshop/,256,102,%,Uncle77,2.866 MB,"Feb 20, 2018 @ 11:43pm",N/A,,Yes,No,6,N/A,3,N/A
#monstercakes,614910,https://steamcommunity.com/app/614910/workshop/,256,102,Pink Heart,Uncle77,1.365 MB,"Jan 17, 2018 @ 10:24pm",N/A,,Yes,No,73,N/A,5,N/A
#monstercakes,614910,https://steamcommunity.com/app/614910/workshop/,256,102,Orange Heart,Uncle77,1.365 MB,"Jan 17, 2018 @ 10:32pm",N/A,,Yes,No,64,N/A,4,N/A
#monstercakes,614910,https://steamcommunity.com/app/614910/workshop/,256,102,Heart of Stone,Uncle77,16.665 MB,"Jan 18, 2018 @ 1:39am",N/A,,Yes,No,73,N/A,4,N/A
#monstercakes,614910,https://steamcommunity.com/app/614910/workshop/,256,102,Not so Secret,"HereIsPlenty
In-Game
Gauntlet™",0.092 MB,"Sep 5, 2019 @ 3:45pm",N/A,A little wordplay.,Yes,No,39,N/A,1,N/A
#monstercakes,614910,https://steamcommunity.com/app/614910/workshop/,256,102,meme 2,"●✿Fly✿Tower✿●
Online",0.063 MB,"Mar 26, 2019 @ 11:43am",N/A,,Yes,No,28,N/A,1,N/A
#monstercakes,614910,https://steamcommunity.com/app/614910/workshop/,256,102,Miss You,Gisha,0.070 MB,"Dec 29, 2018 @ 2:27pm",N/A,,Yes,No,N/A,N/A,N/A,N/A
#monstercakes,614910,https://steamcommunity.com/app/614910/workshop/,256,102,Hat.,сан-ларан,0.082 MB,"Nov 2, 2018 @ 6:51pm",N/A,,Yes,No,27,N/A,2,N/A
#monstercakes,614910,https://steamcommunity.com/app/614910/workshop/,256,102,singularity,sfarog [m0rph],0.069 MB,"Jul 1, 2018 @ 5:58am",N/A,,Yes,No,11,N/A,0,N/A
#monstercakes,614910,https://steamcommunity.com/app/614910/workshop/,256,102,½,Uncle77,2.866 MB,"Feb 20, 2018 @ 11:48pm",N/A,,Yes,No,N/A,N/A,N/A,N/A
#monstercakes,614910,https://steamcommunity.com/app/614910/workshop/,256,102,÷,Uncle77,2.866 MB,"Feb 20, 2018 @ 11:47pm",N/A,,Yes,No,3,N/A,3,N/A
#monstercakes,614910,https://steamcommunity.com/app/614910/workshop/,256,102,=,Uncle77,2.866 MB,"Feb 20, 2018 @ 11:45pm",N/A,,Yes,No,5,N/A,3,N/A
#monstercakes,614910,https://steamcommunity.com/app/614910/workshop/,256,102,+,Uncle77,2.866 MB,"Feb 20, 2018 @ 11:44pm",N/A,,Yes,No,3,N/A,3,N/A
#monstercakes,614910,https://steamcommunity.com/app/614910/workshop/,256,102,\,Uncle77,0.037 MB,"Feb 21, 2018 @ 6:40am",N/A,,Yes,No,8,N/A,3,N/A
#monstercakes,614910,https://steamcommunity.com/app/614910/workshop/,256,102,Web,Uncle77,0.037 MB,"Feb 21, 2018 @ 6:37am",N/A,,Yes,No,8,N/A,3,N/A
#monstercakes,614910,https://steamcommunity.com/app/614910/workshop/,256,102,.com,Uncle77,0.037 MB,"Feb 21, 2018 @ 6:37am",N/A,,Yes,No,12,N/A,3,N/A
#monstercakes,614910,https://steamcommunity.com/app/614910/workshop/,256,102,Violet Heart,Uncle77,16.779 MB,"Jan 18, 2018 @ 2:04am",N/A,,Yes,No,73,N/A,5,N/A
#monstercakes,614910,https://steamcommunity.com/app/614910/workshop/,256,102,Krengel,"●✿Fly✿Tower✿●
Online",1.771 MB,"Apr 4, 2019 @ 3:23am",N/A,,Yes,No,18,N/A,0,N/A
#monstercakes,614910,https://steamcommunity.com/app/614910/workshop/,256,102,meme 1,"●✿Fly✿Tower✿●
Online",0.063 MB,"Mar 26, 2019 @ 11:43am",N/A,,Yes,No,20,N/A,0,N/A
#monstercakes,614910,https://steamcommunity.com/app/614910/workshop/,256,102,Fresh Juice,Gisha,0.001 MB,"Dec 23, 2018 @ 2:43pm",N/A,Rescue from heat.,Yes,No,34,N/A,1,N/A
#monstercakes,614910,https://steamcommunity.com/app/614910/workshop/,256,102,Grenade,nik1ats,0.111 MB,"Oct 29, 2018 @ 5:45pm",N/A,,Yes,No,29,N/A,1,N/A
#monstercakes,614910,https://steamcommunity.com/app/614910/workshop/,256,102,Bronze Medal,Uncle77,1.655 MB,"Feb 4, 2018 @ 5:16am","Feb 4, 2018 @ 6:42pm",,Yes,No,53,N/A,4,N/A
#monstercakes,614910,https://steamcommunity.com/app/614910/workshop/,256,102,Sky-Blue Heart,Uncle77,16.235 MB,"Jan 18, 2018 @ 12:41am",N/A,,Yes,No,61,N/A,4,N/A
#monstercakes,614910,https://steamcommunity.com/app/614910/workshop/,256,102,transcendence,sfarog [m0rph],0.069 MB,"Jul 1, 2018 @ 5:57am",N/A,,Yes,No,4,N/A,0,N/A
#monstercakes,614910,https://steamcommunity.com/app/614910/workshop/,256,102,hardwired,sfarog [m0rph],0.068 MB,"Jul 1, 2018 @ 5:57am",N/A,,Yes,No,6,N/A,0,N/A
#monstercakes,614910,https://steamcommunity.com/app/614910/workshop/,256,102,dystopia,sfarog [m0rph],0.067 MB,"Jul 1, 2018 @ 5:56am",N/A,,Yes,No,9,N/A,0,N/A
#monstercakes,614910,https://steamcommunity.com/app/614910/workshop/,256,102,...,Uncle77,2.961 MB,"Feb 21, 2018 @ 5:50am",N/A,,Yes,No,5,N/A,3,N/A
#monstercakes,614910,https://steamcommunity.com/app/614910/workshop/,256,102,–,Uncle77,2.957 MB,"Feb 21, 2018 @ 5:46am",N/A,,Yes,No,4,N/A,3,N/A
#monstercakes,614910,https://steamcommunity.com/app/614910/workshop/,256,102,‹,Uncle77,2.956 MB,"Feb 21, 2018 @ 2:17am",N/A,,Yes,No,4,N/A,3,N/A
#monstercakes,614910,https://steamcommunity.com/app/614910/workshop/,256,102,›,Uncle77,2.956 MB,"Feb 21, 2018 @ 2:16am",N/A,,Yes,No,4,N/A,3,N/A
#monstercakes,614910,https://steamcommunity.com/app/614910/workshop/,256,102,&,Uncle77,2.953 MB,"Feb 21, 2018 @ 2:06am",N/A,,Yes,No,5,N/A,3,N/A
#monstercakes,614910,https://steamcommunity.com/app/614910/workshop/,256,102,Nº,Uncle77,2.953 MB,"Feb 21, 2018 @ 1:55am",N/A,,Yes,No,5,N/A,4,N/A
#monstercakes,614910,https://steamcommunity.com/app/614910/workshop/,256,102,?,Uncle77,2.901 MB,"Feb 21, 2018 @ 1:39am",N/A,,Yes,No,6,N/A,3,N/A
#monstercakes,614910,https://steamcommunity.com/app/614910/workshop/,256,102,‘,Uncle77,2.901 MB,"Feb 21, 2018 @ 1:38am",N/A,,Yes,No,5,N/A,3,N/A
#monstercakes,614910,https://steamcommunity.com/app/614910/workshop/,256,102,’,Uncle77,2.901 MB,"Feb 21, 2018 @ 1:37am",N/A,,Yes,No,5,N/A,3,N/A
#monstercakes,614910,https://steamcommunity.com/app/614910/workshop/,256,102,“,Uncle77,2.901 MB,"Feb 21, 2018 @ 1:36am",N/A,,Yes,No,4,N/A,3,N/A
#monstercakes,614910,https://steamcommunity.com/app/614910/workshop/,256,102,”,Uncle77,2.901 MB,"Feb 21, 2018 @ 1:35am",N/A,,Yes,No,4,N/A,3,N/A
#monstercakes,614910,https://steamcommunity.com/app/614910/workshop/,256,102,!,Uncle77,2.901 MB,"Feb 21, 2018 @ 1:31am",N/A,,Yes,No,6,N/A,3,N/A
#monstercakes,614910,https://steamcommunity.com/app/614910/workshop/,256,102,x,Uncle77,2.866 MB,"Feb 21, 2018 @ 1:26am",N/A,,Yes,No,10,N/A,3,N/A
#monstercakes,614910,https://steamcommunity.com/app/614910/workshop/,256,102,¾,Uncle77,2.866 MB,"Feb 21, 2018 @ 1:24am",N/A,,Yes,No,3,N/A,3,N/A
#monstercakes,614910,https://steamcommunity.com/app/614910/workshop/,256,102,* (Low),Uncle77,2.866 MB,"Feb 21, 2018 @ 1:23am",N/A,,Yes,No,3,N/A,3,N/A
#monstercakes,614910,https://steamcommunity.com/app/614910/workshop/,256,102,*,Uncle77,2.866 MB,"Feb 21, 2018 @ 1:23am",N/A,,Yes,No,3,N/A,3,N/A
#monstercakes,614910,https://steamcommunity.com/app/614910/workshop/,256,102,/,Uncle77,2.866 MB,"Feb 21, 2018 @ 1:20am",N/A,,Yes,No,5,N/A,3,N/A
#monstercakes,614910,https://steamcommunity.com/app/614910/workshop/,256,102,¼,Uncle77,2.866 MB,"Feb 21, 2018 @ 1:19am",N/A,,Yes,No,4,N/A,3,N/A
#monstercakes,614910,https://steamcommunity.com/app/614910/workshop/,256,102,Plus/Minus,Uncle77,2.866 MB,"Feb 21, 2018 @ 1:17am",N/A,,Yes,No,11,N/A,3,N/A
#monstercakes,614910,https://steamcommunity.com/app/614910/workshop/,256,102,×,Uncle77,2.866 MB,"Feb 21, 2018 @ 1:17am",N/A,,Yes,No,4,N/A,3,N/A
#monstercakes,614910,https://steamcommunity.com/app/614910/workshop/,256,102,$,Uncle77,2.825 MB,"Feb 20, 2018 @ 11:31pm",N/A,,Yes,No,13,N/A,3,N/A
#monstercakes,614910,https://steamcommunity.com/app/614910/workshop/,256,102,White Heart,Uncle77,16.139 MB,"Jan 17, 2018 @ 11:41pm",N/A,,Yes,No,60,N/A,6,N/A
#monstercakes,614910,https://steamcommunity.com/app/614910/workshop/,256,102,_,Uncle77,0.037 MB,"Feb 21, 2018 @ 6:45am",N/A,,Yes,No,8,N/A,4,N/A
#monstercakes,614910,https://steamcommunity.com/app/614910/workshop/,256,102,CONSTRUCTIVE GRAPES STAR,꧁Dgodga (vk.com/whopes)꧂,0.059 MB,"Mar 23, 2021 @ 11:59am",N/A,,Yes,No,33,N/A,4,N/A
#monstercakes,614910,https://steamcommunity.com/app/614910/workshop/,256,102,Before Steam,"HereIsPlenty
In-Game
Gauntlet™",0.121 MB,"Sep 11, 2019 @ 3:10am",N/A,Archaeologists have reconstructed what social life must have been like before Steam. They tell us that these olde showcases were quite heavy but essential to the lives of the people of yesteryear.,Yes,No,77,N/A,0,N/A
#monstercakes,614910,https://steamcommunity.com/app/614910/workshop/,256,102,Orca,"●✿Fly✿Tower✿●
Online",9.844 MB,"Mar 15, 2019 @ 5:48am",N/A,,Yes,No,6,N/A,1,N/A
#monstercakes,614910,https://steamcommunity.com/app/614910/workshop/,256,102,Jack package.,сан-ларан,1.482 MB,"Nov 1, 2018 @ 3:24pm","Nov 2, 2018 @ 7:23pm",,Yes,No,31,N/A,2,N/A
#monstercakes,614910,https://steamcommunity.com/app/614910/workshop/,256,102,cyberdelic,sfarog [m0rph],0.068 MB,"Jul 1, 2018 @ 5:55am",N/A,,Yes,No,13,N/A,0,N/A
#monstercakes,614910,https://steamcommunity.com/app/614910/workshop/,256,102,Mc,Uncle77,2.976 MB,"Feb 23, 2018 @ 9:03pm",N/A,,Yes,No,5,N/A,4,N/A
#monstercakes,614910,https://steamcommunity.com/app/614910/workshop/,256,102,c (Superscript),Uncle77,2.965 MB,"Feb 23, 2018 @ 8:49pm",N/A,,Yes,No,20,N/A,4,N/A
#monstercakes,614910,https://steamcommunity.com/app/614910/workshop/,256,102,#,Uncle77,0.037 MB,"Feb 21, 2018 @ 6:38am",N/A,,Yes,No,5,N/A,3,N/A
#monstercakes,614910,https://steamcommunity.com/app/614910/workshop/,256,102,¡,Uncle77,2.956 MB,"Feb 21, 2018 @ 5:28am",N/A,,Yes,No,4,N/A,3,N/A
#monstercakes,614910,https://steamcommunity.com/app/614910/workshop/,256,102,1:1,Uncle77,2.956 MB,"Feb 21, 2018 @ 5:26am",N/A,,Yes,No,4,N/A,3,N/A
#monstercakes,614910,https://steamcommunity.com/app/614910/workshop/,256,102,«,Uncle77,2.956 MB,"Feb 21, 2018 @ 2:14am",N/A,,Yes,No,5,N/A,3,N/A
#monstercakes,614910,https://steamcommunity.com/app/614910/workshop/,256,102,»,Uncle77,2.956 MB,"Feb 21, 2018 @ 2:14am",N/A,,Yes,No,4,N/A,3,N/A
#monstercakes,614910,https://steamcommunity.com/app/614910/workshop/,256,102,<,Uncle77,2.953 MB,"Feb 21, 2018 @ 2:09am",N/A,,Yes,No,4,N/A,3,N/A
#monstercakes,614910,https://steamcommunity.com/app/614910/workshop/,256,102,~,Uncle77,2.953 MB,"Feb 21, 2018 @ 2:06am",N/A,,Yes,No,3,N/A,3,N/A
#monstercakes,614910,https://steamcommunity.com/app/614910/workshop/,256,102,™,Uncle77,2.953 MB,"Feb 21, 2018 @ 2:05am",N/A,,Yes,No,3,N/A,3,N/A
#monstercakes,614910,https://steamcommunity.com/app/614910/workshop/,256,102,®,Uncle77,2.953 MB,"Feb 21, 2018 @ 1:56am",N/A,,Yes,No,6,N/A,3,N/A
#monstercakes,614910,https://steamcommunity.com/app/614910/workshop/,256,102,©,Uncle77,2.953 MB,"Feb 21, 2018 @ 1:55am",N/A,,Yes,No,4,N/A,3,N/A
#monstercakes,614910,https://steamcommunity.com/app/614910/workshop/,256,102,;,Uncle77,2.901 MB,"Feb 21, 2018 @ 1:40am",N/A,,Yes,No,3,N/A,3,N/A
#monstercakes,614910,https://steamcommunity.com/app/614910/workshop/,256,102,.,Uncle77,2.901 MB,"Feb 21, 2018 @ 1:34am",N/A,,Yes,No,3,N/A,3,N/A
#monstercakes,614910,https://steamcommunity.com/app/614910/workshop/,256,102,",",Uncle77,2.901 MB,"Feb 21, 2018 @ 1:33am",N/A,,Yes,No,3,N/A,3,N/A
#monstercakes,614910,https://steamcommunity.com/app/614910/workshop/,256,102,:,Uncle77,2.901 MB,"Feb 21, 2018 @ 1:33am",N/A,,Yes,No,3,N/A,3,N/A
#monstercakes,614910,https://steamcommunity.com/app/614910/workshop/,256,102,),Uncle77,2.901 MB,"Feb 21, 2018 @ 1:32am",N/A,,Yes,No,3,N/A,3,N/A
#monstercakes,614910,https://steamcommunity.com/app/614910/workshop/,256,102,(,Uncle77,2.901 MB,"Feb 21, 2018 @ 1:31am",N/A,,Yes,No,4,N/A,3,N/A
#monstercakes,614910,https://steamcommunity.com/app/614910/workshop/,256,102,-,Uncle77,2.866 MB,"Feb 20, 2018 @ 11:44pm",N/A,,Yes,No,6,N/A,3,N/A
#monstercakes,614910,https://steamcommunity.com/app/614910/workshop/,256,102,Blue Heart,Uncle77,16.187 MB,"Jan 18, 2018 @ 12:23am",N/A,,Yes,No,64,N/A,4,N/A
#monstercakes,614910,https://steamcommunity.com/app/614910/workshop/,256,102,Chocolate Heart,Uncle77,16.210 MB,"Jan 18, 2018 @ 12:35am",N/A,,Yes,No,59,N/A,4,N/A
#monstercakes,614910,https://steamcommunity.com/app/614910/workshop/,256,102,/,Uncle77,0.037 MB,"Feb 21, 2018 @ 6:39am",N/A,,Yes,No,6,N/A,3,N/A
#monstercakes,614910,https://steamcommunity.com/app/614910/workshop/,256,102,@,Uncle77,0.037 MB,"Feb 21, 2018 @ 6:38am",N/A,,Yes,No,7,N/A,3,N/A
#monstercakes,614910,https://steamcommunity.com/app/614910/workshop/,256,102,Narwhal,"●✿Fly✿Tower✿●
Online",0.243 MB,"Mar 22, 2019 @ 5:36am",N/A,,Yes,No,7,N/A,1,N/A
#monstercakes,614910,https://steamcommunity.com/app/614910/workshop/,256,102,Greenland right whale,"●✿Fly✿Tower✿●
Online",0.243 MB,"Mar 22, 2019 @ 5:35am",N/A,,Yes,No,10,N/A,0,N/A
#monstercakes,614910,https://steamcommunity.com/app/614910/workshop/,256,102,Migaloo,"●✿Fly✿Tower✿●
Online",9.844 MB,"Mar 15, 2019 @ 5:49am",N/A,The white humpback whale,Yes,No,5,N/A,0,N/A
#monstercakes,614910,https://steamcommunity.com/app/614910/workshop/,256,102,Cat and jam.,сан-ларан,0.129 MB,"Nov 1, 2018 @ 3:16pm","Nov 2, 2018 @ 7:05pm",,Yes,No,29,N/A,2,N/A
#monstercakes,614910,https://steamcommunity.com/app/614910/workshop/,256,102,¥,Uncle77,2.825 MB,"Feb 20, 2018 @ 11:34pm",N/A,,Yes,No,5,N/A,3,N/A
#monstercakes,614910,https://steamcommunity.com/app/614910/workshop/,256,102,£,Uncle77,2.825 MB,"Feb 20, 2018 @ 11:33pm",N/A,,Yes,No,4,N/A,3,N/A
#monstercakes,614910,https://steamcommunity.com/app/614910/workshop/,256,102,€,Uncle77,2.825 MB,"Feb 20, 2018 @ 11:32pm",N/A,,Yes,No,4,N/A,3,N/A
#monstercakes,614910,https://steamcommunity.com/app/614910/workshop/,256,102,Green Heart,Uncle77,16.162 MB,"Jan 18, 2018 @ 12:16am",N/A,,Yes,No,65,N/A,4,N/A
#monstercakes,614910,https://steamcommunity.com/app/614910/workshop/,256,102,Chocolate Cherry Cake,MsDeadable,0.119 MB,"Sep 21, 2021 @ 7:14am",N/A,The sticker has a transparent background. The second image is only a proof of nondigital work because I cross-stitched it.,Yes,No,36,N/A,0,N/A
#monstercakes,614910,https://steamcommunity.com/app/614910/workshop/,256,102,Knight's Tour Wordpuzzle,"HereIsPlenty
In-Game
Gauntlet™",0.053 MB,"Jul 17, 2019 @ 7:22pm",N/A,"The Knight's Tour is a classic chess-based puzzle which can take many variant paths but always the knight starts on one square and makes normal legal knight moves touching each square once till all squares have been landed on.

In this case after designing the route of the knight's tour, I have put a 64 character message on its path - the message will help find the route of the knight since gibberish will evidently not be correct and similarly the choices the knight can take will help trace the message. Think of it as two puzzles decoding each other.

As a clue, the message is chess related but does not require any specific chess knowledge.",Yes,No,43,N/A,0,N/A
#monstercakes,614910,https://steamcommunity.com/app/614910/workshop/,256,102,Heart of Gold,Uncle77,17.400 MB,"Jan 18, 2018 @ 6:43am",N/A,,Yes,No,66,N/A,3,N/A
#monstercakes,614910,https://steamcommunity.com/app/614910/workshop/,256,102,Grey Heart,Uncle77,16.137 MB,"Jan 17, 2018 @ 11:50pm",N/A,,Yes,No,59,N/A,4,N/A
#monstercakes,614910,https://steamcommunity.com/app/614910/workshop/,256,102,Yellow Heart,Uncle77,1.365 MB,"Jan 17, 2018 @ 10:33pm",N/A,,Yes,No,58,N/A,4,N/A
#monstercakes,614910,https://steamcommunity.com/app/614910/workshop/,256,102,humpback whale,"●✿Fly✿Tower✿●
Online",0.184 MB,"Mar 13, 2019 @ 12:13pm",N/A,,Yes,No,9,N/A,0,N/A
#monstercakes,614910,https://steamcommunity.com/app/614910/workshop/,256,102,sperm whale,"●✿Fly✿Tower✿●
Online",0.184 MB,"Mar 13, 2019 @ 12:12pm",N/A,,Yes,No,8,N/A,0,N/A
#monstercakes,614910,https://steamcommunity.com/app/614910/workshop/,256,102,Hard Smile,"Smyga
Online",0.019 MB,"Mar 20, 2018 @ 11:58am",N/A,,Yes,No,34,N/A,0,N/A
#monstercakes,614910,https://steamcommunity.com/app/614910/workshop/,256,102,¢,Uncle77,2.825 MB,"Feb 20, 2018 @ 11:32pm",N/A,,Yes,No,5,N/A,3,N/A
#monstercakes,614910,https://steamcommunity.com/app/614910/workshop/,256,102,Guy Fawkes mask,"●✿Fly✿Tower✿●
Online",0.041 MB,"Mar 22, 2019 @ 11:14am",N/A,,Yes,No,32,N/A,1,N/A
#monstercakes,614910,https://steamcommunity.com/app/614910/workshop/,256,102,Minke whale,"●✿Fly✿Tower✿●
Online",0.243 MB,"Mar 22, 2019 @ 5:36am",N/A,,Yes,No,2,N/A,0,N/A
#monstercakes,614910,https://steamcommunity.com/app/614910/workshop/,256,102,Finback whale,"●✿Fly✿Tower✿●
Online",0.243 MB,"Mar 22, 2019 @ 5:35am",N/A,,Yes,No,2,N/A,0,N/A
#monstercakes,614910,https://steamcommunity.com/app/614910/workshop/,256,102,Blue whale,"●✿Fly✿Tower✿●
Online",0.243 MB,"Mar 22, 2019 @ 5:34am",N/A,,Yes,No,6,N/A,0,N/A
#monstercakes,614910,https://steamcommunity.com/app/614910/workshop/,256,102,right whale,"●✿Fly✿Tower✿●
Online",0.184 MB,"Mar 13, 2019 @ 12:12pm",N/A,"North Pacific right whale
или японский кит",Yes,No,10,N/A,0,N/A
#monstercakes,614910,https://steamcommunity.com/app/614910/workshop/,256,102,Valentine's Heart,Gisha,0.001 MB,"Dec 26, 2018 @ 3:48pm",N/A,"Valentine's Day, also called Saint Valentine's Day or the Feast of Saint Valentine, is celebrated annually on February 14.",Yes,No,32,N/A,0,N/A
#monstercakes,614910,https://steamcommunity.com/app/614910/workshop/,256,102,Egg 8,Uncle77,2.118 MB,"Feb 15, 2018 @ 8:43pm",N/A,,Yes,No,9,N/A,5,N/A
#monstercakes,614910,https://steamcommunity.com/app/614910/workshop/,256,102,Lime Heart,Uncle77,16.138 MB,"Jan 18, 2018 @ 12:02am",N/A,,Yes,No,61,N/A,4,N/A
#monstercakes,614910,https://steamcommunity.com/app/614910/workshop/,256,102,Egg 13,Uncle77,3.357 MB,"Mar 2, 2018 @ 4:47pm",N/A,,Yes,No,N/A,N/A,N/A,N/A
#monstercakes,614910,https://steamcommunity.com/app/614910/workshop/,256,102,Purple Heart,Uncle77,17.565 MB,"Jan 18, 2018 @ 2:03am","Jan 19, 2018 @ 8:43pm",,Yes,No,63,N/A,5,N/A
#monstercakes,614910,https://steamcommunity.com/app/614910/workshop/,256,102,Woow Smile,"Smyga
Online",0.018 MB,"Mar 20, 2018 @ 12:09pm",N/A,,Yes,No,23,N/A,0,N/A
#monstercakes,614910,https://steamcommunity.com/app/614910/workshop/,256,102,Target 1,Uncle77,1.850 MB,"Feb 5, 2018 @ 12:40am","Feb 5, 2018 @ 2:56pm",,Yes,No,25,N/A,4,N/A
#monstercakes,614910,https://steamcommunity.com/app/614910/workshop/,256,102,ARCTIC GRASS STAR,꧁Dgodga (vk.com/whopes)꧂,0.029 MB,"Mar 27, 2021 @ 1:34am",N/A,,Yes,No,23,N/A,4,N/A
#monstercakes,614910,https://steamcommunity.com/app/614910/workshop/,256,102,MOOSE EAR STAR,꧁Dgodga (vk.com/whopes)꧂,0.069 MB,"Mar 27, 2021 @ 12:23am",N/A,,Yes,No,28,N/A,4,N/A
#monstercakes,614910,https://steamcommunity.com/app/614910/workshop/,256,102,MERCURY SNOW STAR,꧁Dgodga (vk.com/whopes)꧂,0.032 MB,"Mar 24, 2021 @ 2:01pm",N/A,,Yes,No,24,N/A,4,N/A
#monstercakes,614910,https://steamcommunity.com/app/614910/workshop/,256,102,Our Home,Gisha,0.005 MB,"Dec 22, 2018 @ 11:36am",N/A,Earth is the third planet from the Sun and the only astronomical object known to harbor life.,Yes,No,41,N/A,1,N/A
#monstercakes,614910,https://steamcommunity.com/app/614910/workshop/,256,102,Chips package.,сан-ларан,0.830 MB,"Nov 1, 2018 @ 3:25pm","Nov 2, 2018 @ 7:00pm",,Yes,No,32,N/A,2,N/A
#monstercakes,614910,https://steamcommunity.com/app/614910/workshop/,256,102,Chess package.,сан-ларан,1.321 MB,"Nov 1, 2018 @ 3:25pm",N/A,,Yes,No,24,N/A,4,N/A
#monstercakes,614910,https://steamcommunity.com/app/614910/workshop/,256,102,Registered Trademark,don,0.024 MB,"Jan 20, 2018 @ 11:45am",N/A,,Yes,No,34,N/A,0,N/A
#monstercakes,614910,https://steamcommunity.com/app/614910/workshop/,256,102,Egg 12,Uncle77,3.274 MB,"Feb 28, 2018 @ 9:53pm",N/A,,Yes,No,8,N/A,3,N/A
#monstercakes,614910,https://steamcommunity.com/app/614910/workshop/,256,102,Egg 11,Uncle77,3.210 MB,"Feb 28, 2018 @ 9:16pm",N/A,,Yes,No,16,N/A,4,N/A
#monstercakes,614910,https://steamcommunity.com/app/614910/workshop/,256,102,Turquoise Heart,Uncle77,16.211 MB,"Jan 18, 2018 @ 12:31am",N/A,,Yes,No,61,N/A,4,N/A
#monstercakes,614910,https://steamcommunity.com/app/614910/workshop/,256,102,SPILLED WINE STAR,꧁Dgodga (vk.com/whopes)꧂,0.065 MB,"Mar 23, 2021 @ 11:42am",N/A,,Yes,No,28,N/A,4,N/A
#monstercakes,614910,https://steamcommunity.com/app/614910/workshop/,256,102,MULTYCOLOR STAR,꧁Dgodga (vk.com/whopes)꧂,0.055 MB,"Jan 13, 2021 @ 6:20pm","Jan 13, 2021 @ 7:15pm",,Yes,No,28,N/A,4,N/A
#monstercakes,614910,https://steamcommunity.com/app/614910/workshop/,256,102,DrWhoCase,"HereIsPlenty
In-Game
Gauntlet™",0.347 MB,"Sep 25, 2019 @ 10:36pm",N/A,Using some of the Steam Showcases together for a Dr Who theme.,Yes,No,53,N/A,0,N/A
#monstercakes,614910,https://steamcommunity.com/app/614910/workshop/,256,102,Scope - Cross Hairs,Uncle77,1.685 MB,"Feb 5, 2018 @ 12:35am",N/A,,Yes,No,48,N/A,8,N/A
#monstercakes,614910,https://steamcommunity.com/app/614910/workshop/,256,102,Egg 10,Uncle77,2.254 MB,"Feb 16, 2018 @ 10:01am",N/A,,Yes,No,4,N/A,3,N/A
#monstercakes,614910,https://steamcommunity.com/app/614910/workshop/,256,102,Egg 9,Uncle77,2.251 MB,"Feb 16, 2018 @ 5:25am",N/A,,Yes,No,3,N/A,3,N/A
#monstercakes,614910,https://steamcommunity.com/app/614910/workshop/,256,102,Egg 4,Uncle77,2.118 MB,"Feb 15, 2018 @ 8:39pm",N/A,,Yes,No,6,N/A,4,N/A
#monstercakes,614910,https://steamcommunity.com/app/614910/workshop/,256,102,Egg 3,Uncle77,2.118 MB,"Feb 15, 2018 @ 8:38pm",N/A,,Yes,No,5,N/A,3,N/A
#monstercakes,614910,https://steamcommunity.com/app/614910/workshop/,256,102,Egg 2,Uncle77,2.118 MB,"Feb 15, 2018 @ 8:37pm",N/A,,Yes,No,16,N/A,4,N/A
#monstercakes,614910,https://steamcommunity.com/app/614910/workshop/,256,102,Egg 1,Uncle77,2.118 MB,"Feb 15, 2018 @ 8:37pm",N/A,,Yes,No,15,N/A,5,N/A
#monstercakes,614910,https://steamcommunity.com/app/614910/workshop/,256,102,SWEATY SNOW,꧁Dgodga (vk.com/whopes)꧂,0.031 MB,"Mar 24, 2021 @ 2:28pm",N/A,,Yes,No,25,N/A,4,N/A
#monstercakes,614910,https://steamcommunity.com/app/614910/workshop/,256,102,Amber Star,꧁Dgodga (vk.com/whopes)꧂,0.005 MB,"Jan 10, 2021 @ 7:19pm",N/A,,Yes,No,27,N/A,4,N/A
#monstercakes,614910,https://steamcommunity.com/app/614910/workshop/,256,102,Word Processor,"HereIsPlenty
In-Game
Gauntlet™",0.064 MB,"Sep 1, 2019 @ 2:12am",N/A,"A little visual pun on term Word Processor, creating order from chaos with a meat grinder.",Yes,No,39,N/A,0,N/A
#monstercakes,614910,https://steamcommunity.com/app/614910/workshop/,256,102,Pulpo,"Patusanja
Online",0.011 MB,"Jan 17, 2018 @ 12:21pm",N/A,,Yes,No,20,N/A,0,N/A
#monstercakes,614910,https://steamcommunity.com/app/614910/workshop/,256,102,Egg 7,Uncle77,2.118 MB,"Feb 15, 2018 @ 8:42pm",N/A,,Yes,No,5,N/A,4,N/A
#monstercakes,614910,https://steamcommunity.com/app/614910/workshop/,256,102,Egg 6,Uncle77,2.118 MB,"Feb 15, 2018 @ 8:40pm",N/A,,Yes,No,4,N/A,3,N/A
#monstercakes,614910,https://steamcommunity.com/app/614910/workshop/,256,102,Egg 5,Uncle77,2.118 MB,"Feb 15, 2018 @ 8:39pm",N/A,,Yes,No,7,N/A,4,N/A
#monstercakes,614910,https://steamcommunity.com/app/614910/workshop/,256,102,Okra Heart,Uncle77,16.690 MB,"Jan 18, 2018 @ 1:51am",N/A,,Yes,No,62,N/A,4,N/A
#monstercakes,614910,https://steamcommunity.com/app/614910/workshop/,256,102,Checkers package.,сан-ларан,0.135 MB,"Nov 1, 2018 @ 3:24pm","Nov 2, 2018 @ 7:08pm",,Yes,No,29,N/A,2,N/A
#monstercakes,614910,https://steamcommunity.com/app/614910/workshop/,256,102,Yen,nik1ats,0.007 MB,"Oct 30, 2018 @ 10:22am",N/A,,Yes,No,26,N/A,2,N/A
#monstercakes,614910,https://steamcommunity.com/app/614910/workshop/,256,102,SMART CANARY STAR,꧁Dgodga (vk.com/whopes)꧂,0.032 MB,"Mar 27, 2021 @ 1:39am",N/A,,Yes,No,23,N/A,4,N/A
#monstercakes,614910,https://steamcommunity.com/app/614910/workshop/,256,102,FAVORITE BERRY STAR,꧁Dgodga (vk.com/whopes)꧂,0.033 MB,"Mar 27, 2021 @ 1:36am",N/A,,Yes,No,26,N/A,4,N/A
#monstercakes,614910,https://steamcommunity.com/app/614910/workshop/,256,102,LIZARD CENTER STAR,꧁Dgodga (vk.com/whopes)꧂,0.033 MB,"Mar 24, 2021 @ 1:35pm",N/A,,Yes,No,25,N/A,4,N/A
#monstercakes,614910,https://steamcommunity.com/app/614910/workshop/,256,102,Scope - Night Vision,Uncle77,1.859 MB,"Feb 5, 2018 @ 1:08am","Feb 5, 2018 @ 3:04am",,Yes,No,35,N/A,4,N/A
#monstercakes,614910,https://steamcommunity.com/app/614910/workshop/,256,102,PINK CAPYBARA STAR,꧁Dgodga (vk.com/whopes)꧂,0.032 MB,"Mar 24, 2021 @ 2:12pm","Mar 24, 2021 @ 3:09pm",,Yes,No,26,N/A,5,N/A
#monstercakes,614910,https://steamcommunity.com/app/614910/workshop/,256,102,EASTERN EUROPEAN ELEPHANT STAR,꧁Dgodga (vk.com/whopes)꧂,0.033 MB,"Mar 23, 2021 @ 3:13pm",N/A,,Yes,No,28,N/A,3,N/A
#monstercakes,614910,https://steamcommunity.com/app/614910/workshop/,256,102,Masks,"HereIsPlenty
In-Game
Gauntlet™",0.143 MB,"Sep 16, 2019 @ 7:50am",N/A,Being bipolar is pretty common these days. Maybe society has evolved so fast that all the demands are too contrary. Or maybe some of us are just broken from the start. Does it really matter? I would rather be erratic and decent than focused and brutal.,Yes,No,45,N/A,0,N/A
#monstercakes,614910,https://steamcommunity.com/app/614910/workshop/,256,102,Silver Medal,Uncle77,1.655 MB,"Feb 4, 2018 @ 5:15am","Feb 4, 2018 @ 6:42pm",,Yes,No,54,N/A,4,N/A
#monstercakes,614910,https://steamcommunity.com/app/614910/workshop/,256,102,Sight - Machine Gun,Uncle77,1.697 MB,"Feb 5, 2018 @ 1:03am",N/A,,Yes,No,N/A,N/A,N/A,N/A
#monstercakes,614910,https://steamcommunity.com/app/614910/workshop/,256,102,Scope - Sniper,Uncle77,1.850 MB,"Feb 5, 2018 @ 12:23am","Feb 5, 2018 @ 4:46am",,Yes,No,30,N/A,5,N/A
#monstercakes,614910,https://steamcommunity.com/app/614910/workshop/,256,102,GOOD ICE STAR,꧁Dgodga (vk.com/whopes)꧂,0.032 MB,"Mar 27, 2021 @ 1:38am",N/A,,Yes,No,26,N/A,3,N/A
#monstercakes,614910,https://steamcommunity.com/app/614910/workshop/,256,102,GREAT SODALITE BOX,꧁Dgodga (vk.com/whopes)꧂,0.084 MB,"Mar 27, 2021 @ 12:14am",N/A,,Yes,No,29,N/A,4,N/A
#monstercakes,614910,https://steamcommunity.com/app/614910/workshop/,256,102,26 LINES STAR,꧁Dgodga (vk.com/whopes)꧂,0.052 MB,"Mar 23, 2021 @ 11:06am",N/A,,Yes,No,22,N/A,4,N/A
#monstercakes,614910,https://steamcommunity.com/app/614910/workshop/,256,102,33 RANGE STAR,꧁Dgodga (vk.com/whopes)꧂,0.015 MB,"Mar 23, 2021 @ 9:59am",N/A,,Yes,No,28,N/A,6,N/A
#monstercakes,614910,https://steamcommunity.com/app/614910/workshop/,256,102,Sight - Pistol Old School,Uncle77,1.833 MB,"Feb 5, 2018 @ 8:26pm",N/A,,Yes,No,20,N/A,3,N/A
#monstercakes,614910,https://steamcommunity.com/app/614910/workshop/,256,102,CARAMEL PIT STAR,꧁Dgodga (vk.com/whopes)꧂,0.064 MB,"Mar 27, 2021 @ 12:34am",N/A,,Yes,No,21,N/A,4,N/A
#monstercakes,614910,https://steamcommunity.com/app/614910/workshop/,26,26,Raccoon,"●✿Fly✿Tower✿●
Online",Unique Visitors,Current Favorites,N/A,N/A,Yes,No,290,4,N/A,N/A
#monstercakes,614910,https://steamcommunity.com/app/614910/workshop/,26,26,Kittens,"●✿Fly✿Tower✿●
Online",Unique Visitors,Current Favorites,N/A,meow-meow,Yes,No,"7,520",159,N/A,N/A
#monstercakes,614910,https://steamcommunity.com/app/614910/workshop/,26,26,Cold weapon,"●✿Fly✿Tower✿●
Online",Unique Visitors,Current Favorites,N/A,N/A,Yes,No,209,14,N/A,N/A
#monstercakes,614910,https://steamcommunity.com/app/614910/workshop/,26,26,Thief's Way,sfarog [m0rph],Unique Visitors,Current Favorites,N/A,Symbols and writings,Yes,No,"1,157",6,N/A,N/A
#monstercakes,614910,https://steamcommunity.com/app/614910/workshop/,26,26,"Eastern European cities, memes and whatnot",sfarog [m0rph],Unique Visitors,Current Favorites,N/A,"Collection of Eastern European cities, some fun stuff, and some communist propaganda history reminder.",Yes,No,219,7,N/A,N/A
#monstercakes,614910,https://steamcommunity.com/app/614910/workshop/,26,26,Zodiac,Uncle77,Unique Visitors,Current Favorites,N/A,N/A,Yes,No,64,3,N/A,N/A
#monstercakes,614910,https://steamcommunity.com/app/614910/workshop/,26,26,Easter eggs,"●✿Fly✿Tower✿●
Online",Unique Visitors,Current Favorites,N/A,N/A,Yes,No,31,1,N/A,N/A
#monstercakes,614910,https://steamcommunity.com/app/614910/workshop/,26,26,JJBA: Passione,watermelon20,Unique Visitors,Current Favorites,N/A,JJBA: Golden Wind characters,No,Yes,18,1,N/A,N/A
#monstercakes,614910,https://steamcommunity.com/app/614910/workshop/,26,26,Rainbow HeartS,"●✿Fly✿Tower✿●
Online",Unique Visitors,Current Favorites,N/A,N/A,Yes,No,9,0,N/A,N/A
#monstercakes,614910,https://steamcommunity.com/app/614910/workshop/,26,26,Celtic_letters,"●✿Fly✿Tower✿●
Online",Unique Visitors,Current Favorites,N/A,:),Yes,No,13,0,N/A,N/A
#monstercakes,614910,https://steamcommunity.com/app/614910/workshop/,26,26,Celtic_numbers,"●✿Fly✿Tower✿●
Online",Unique Visitors,Current Favorites,N/A,part 2,Yes,No,10,0,N/A,N/A
#monstercakes,614910,https://steamcommunity.com/app/614910/workshop/,26,26,Cyberpunk Collection,sfarog [m0rph],Unique Visitors,Current Favorites,N/A,N/A,Yes,No,40,1,N/A,N/A
#monstercakes,614910,https://steamcommunity.com/app/614910/workshop/,26,26,Emoji Stickers,rinari,Unique Visitors,Current Favorites,N/A,Default Emoji Stickers,Yes,No,9,0,N/A,N/A
#monstercakes,614910,https://steamcommunity.com/app/614910/workshop/,26,26,favorite,snorlax,Unique Visitors,Current Favorites,N/A,N/A,No,Yes,29,0,N/A,N/A
#monstercakes,614910,https://steamcommunity.com/app/614910/workshop/,26,26,Currency,nik1ats,Unique Visitors,Current Favorites,N/A,My sticks with currencies & money.,No,Yes,9,1,N/A,N/A
#monstercakes,614910,https://steamcommunity.com/app/614910/workshop/,26,26,Happy Easter,opl ❍_❍ veccy,Unique Visitors,Current Favorites,N/A,N/A,No,Yes,12,0,N/A,N/A
#monstercakes,614910,https://steamcommunity.com/app/614910/workshop/,26,26,Web,Uncle77,Unique Visitors,Current Favorites,N/A,Web Symbols,Yes,No,31,3,N/A,N/A
#monstercakes,614910,https://steamcommunity.com/app/614910/workshop/,26,26,Mathematical,Uncle77,Unique Visitors,Current Favorites,N/A,Mathematical Symbols,Yes,No,34,3,N/A,N/A
#monstercakes,614910,https://steamcommunity.com/app/614910/workshop/,26,26,Symbols,Uncle77,Unique Visitors,Current Favorites,N/A,Symbols,Yes,No,45,3,N/A,N/A
#monstercakes,614910,https://steamcommunity.com/app/614910/workshop/,26,26,Punctuation,Uncle77,Unique Visitors,Current Favorites,N/A,Punctuation,Yes,No,30,3,N/A,N/A
#monstercakes,614910,https://steamcommunity.com/app/614910/workshop/,26,26,Game Over (Colors Collections),"IIIIIII
Online",Unique Visitors,Current Favorites,N/A,"I guess U know sooooo many games with this sign ""Game Over"". U hate end like this or like?",Yes,No,26,0,N/A,N/A
#monstercakes,614910,https://steamcommunity.com/app/614910/workshop/,26,26,Currency,Uncle77,Unique Visitors,Current Favorites,N/A,Currency Symbols,Yes,No,29,3,N/A,N/A
#monstercakes,614910,https://steamcommunity.com/app/614910/workshop/,26,26,Whales,"●✿Fly✿Tower✿●
Online",Unique Visitors,Current Favorites,N/A,All we need is whales,Yes,No,26,1,N/A,N/A
#monstercakes,614910,https://steamcommunity.com/app/614910/workshop/,26,26,Eggs,Uncle77,Unique Visitors,Current Favorites,N/A,A Baker's Dozen Eggs,Yes,No,38,3,N/A,N/A
#monstercakes,614910,https://steamcommunity.com/app/614910/workshop/,26,26,monstercakes,NaroCom,Unique Visitors,Current Favorites,N/A,...,No,Yes,9,0,N/A,N/A
#monstercakes,614910,https://steamcommunity.com/app/614910/workshop/,26,26,Valentines Day,Uncle77,Unique Visitors,Current Favorites,N/A,Valentines Day,No,Yes,19,0,N/A,N/A
.EXE,471640,https://steamcommunity.com/app/471640/workshop/,1,1,Multi-Directional,"Two Man Army Games, L.L.C",0.084 MB,"Jul 3, 2016 @ 2:51pm","Jul 3, 2016 @ 3:22pm",,No,Yes,"15,373",265,"1,826",N/A
0RBITALIS,278440,https://steamcommunity.com/app/278440/workshop/,346,346,Nu Columbae,Frederik,0.000 MB,"Feb 2, 2015 @ 4:06pm","Feb 2, 2015 @ 4:14pm",How long you will be trapped in this level?,No,Yes,N/A,N/A,N/A,4
0RBITALIS,278440,https://steamcommunity.com/app/278440/workshop/,346,346,4 Horologium,Ryancoolround,0.000 MB,"Jul 15, 2015 @ 9:44pm",N/A,"Horologium was one of 14 constellations created by Abbé Nicolas Louis de Lacaille during his expedition to the Cape of Good Hope. He originally labeled it Horologium Oscillitorium, the Latin name for a pendulum clock, to honour its inventor Christiaan Huygens and his book Horologium Oscillatorium.",No,Yes,N/A,N/A,N/A,N/A
0RBITALIS,278440,https://steamcommunity.com/app/278440/workshop/,346,346,"2015-07-24, JDrakul (Nu Sagittae)","JDrakul
In-Game
Gloria Victis",0.001 MB,"Jul 24, 2015 @ 10:13pm","Jul 24, 2015 @ 10:40pm",Nivel creado por JDrakul,No,Yes,638,6,79,N/A
0RBITALIS,278440,https://steamcommunity.com/app/278440/workshop/,346,346,"2015-05-29, f_uso (76 G Ara)",f_uso,0.000 MB,"May 29, 2015 @ 1:08am","May 31, 2015 @ 2:15am",A level created by f_uso,No,Yes,855,11,88,N/A
0RBITALIS,278440,https://steamcommunity.com/app/278440/workshop/,346,346,"2015-04-08, aoisensi (80 Pictor)","aoisensi
In-Game
Cookie Clicker",0.000 MB,"Apr 7, 2015 @ 10:21pm","Apr 7, 2015 @ 10:24pm",A level created by aoisensi,No,Yes,564,3,75,N/A
0RBITALIS,278440,https://steamcommunity.com/app/278440/workshop/,346,346,"2016-02-27, BirdCute (94 F Antlia)",BirdCute,0.000 MB,"Feb 27, 2016 @ 5:09am","Feb 27, 2016 @ 5:09am",A level created by BirdCute,No,Yes,172,5,27,N/A
0RBITALIS,278440,https://steamcommunity.com/app/278440/workshop/,346,346,"2016-02-08, Rivise Galaxy","rhyugen
Online",0.001 MB,"Feb 8, 2016 @ 1:19pm",N/A,Уровень создал(а) -connection-,No,Yes,201,2,25,N/A
0RBITALIS,278440,https://steamcommunity.com/app/278440/workshop/,346,346,"2021-05-06, Sigoya (20 A Andromeda)","Sigoya
Online",0.001 MB,"May 6, 2021 @ 5:08pm",N/A,A level created by Sigoya,No,Yes,101,4,10,N/A
0RBITALIS,278440,https://steamcommunity.com/app/278440/workshop/,346,346,"2019-06-18, WinterDemons (Upsilon Herculis)",WinterDemons,0.000 MB,"Jun 18, 2019 @ 5:03pm",N/A,A level created by WinterDemons,No,Yes,21,1,3,N/A
0RBITALIS,278440,https://steamcommunity.com/app/278440/workshop/,346,346,"2018-07-14, PliusInfo (18 S Leo)",PliusInfo,0.000 MB,"Jul 14, 2018 @ 1:52am","Jul 14, 2018 @ 2:02am",A level created by PliusInfo,No,Yes,37,1,4,N/A
0RBITALIS,278440,https://steamcommunity.com/app/278440/workshop/,346,346,"2017-09-30, Great Scott! (Eta Herculis)",Great Scott!,0.000 MB,"Sep 30, 2017 @ 4:10pm",N/A,A level created by Great Scott!,No,Yes,39,0,7,N/A
0RBITALIS,278440,https://steamcommunity.com/app/278440/workshop/,346,346,"2017-06-20, Knopfdruckoffizier (82 Cygni)","Knopfdruckoffizier
Online",0.000 MB,"Jun 20, 2017 @ 1:42am","Jun 20, 2017 @ 1:45am",Level erstellt von Knopfdruckoffizier,No,Yes,33,1,1,N/A
0RBITALIS,278440,https://steamcommunity.com/app/278440/workshop/,346,346,Neptewna Lactosa (Nehp-Toon-Uh Lact-Toes-uh),Deltonus,0.000 MB,"Jul 6, 2015 @ 7:18pm",N/A,"A level that would be rather simple to win... If there wasnt a small, negetive gravity planet in the way!!!",No,Yes,36,0,7,N/A
0RBITALIS,278440,https://steamcommunity.com/app/278440/workshop/,346,346,"2015-07-02, Quzoxe (30 H Leo Minor)",Quzoxe,0.000 MB,"Jul 1, 2015 @ 7:28pm",N/A,Уровень создал(а) Quzoxe,No,Yes,44,0,10,N/A
0RBITALIS,278440,https://steamcommunity.com/app/278440/workshop/,346,346,"2015-06-23, Psykoz La Dose (51 Caelum)",ThePsykoz,0.000 MB,"Jun 23, 2015 @ 12:33pm",N/A,Niveau crée par Psykoz La Dose,No,Yes,19,0,4,N/A
0RBITALIS,278440,https://steamcommunity.com/app/278440/workshop/,346,346,"2015-04-17, Ival70 (2 Lyrae)",Ival70,0.000 MB,"Apr 17, 2015 @ 7:02pm",N/A,A level created by Ival70,No,Yes,38,1,10,N/A
0RBITALIS,278440,https://steamcommunity.com/app/278440/workshop/,346,346,"2015-03-26, Anotsu (10 Piscis Austrinus)","Mazi
Online",0.001 MB,"Mar 26, 2015 @ 1:23pm",N/A,A level created by Anotsu,No,Yes,53,2,15,N/A
0RBITALIS,278440,https://steamcommunity.com/app/278440/workshop/,346,346,"2015-03-26, Anotsu (Tau Piscium)","Mazi
Online",0.001 MB,"Mar 26, 2015 @ 1:52pm","Mar 26, 2015 @ 1:53pm",A level created by Anotsu,No,Yes,106,0,26,N/A
0RBITALIS,278440,https://steamcommunity.com/app/278440/workshop/,346,346,"2015-08-01, borandi (Beta Ophiuchi)",borandi,0.000 MB,"Aug 1, 2015 @ 5:25pm",N/A,A level created by borandi,No,Yes,3,0,1,N/A
0RBITALIS,278440,https://steamcommunity.com/app/278440/workshop/,346,346,"2023-06-07, martinusK (30 Delphinus)","martinusK
Online",0.000 MB,Jun 7 @ 3:55pm,N/A,A level created by martinusK,No,Yes,4,0,0,N/A
0RBITALIS,278440,https://steamcommunity.com/app/278440/workshop/,346,346,"2023-02-08, Lo (Xi Lyrae)","Lo
Online",0.000 MB,Feb 7 @ 5:33pm,N/A,A level created by Lo,No,Yes,4,0,1,N/A
0RBITALIS,278440,https://steamcommunity.com/app/278440/workshop/,346,346,"2023-01-23, Kakhi (67 Eri)",Kakhi,0.000 MB,Jan 23 @ 2:13pm,N/A,Niveau crée par Kakhi,No,Yes,3,0,1,N/A
0RBITALIS,278440,https://steamcommunity.com/app/278440/workshop/,346,346,"2023-01-21, s3rxus (67 Serpentis)","s3rxus
Online",0.001 MB,Jan 21 @ 4:05pm,N/A,Nivel creado por s3rxus,No,Yes,1,0,0,N/A
0RBITALIS,278440,https://steamcommunity.com/app/278440/workshop/,346,346,"2022-12-24, anubot (Gamma Equulei)","anubot
Online",0.000 MB,"Dec 24, 2022 @ 5:52am",N/A,Niveau crée par anubot,No,Yes,1,0,0,N/A
0RBITALIS,278440,https://steamcommunity.com/app/278440/workshop/,346,346,"2022-12-23, Kysna (Chi Sagittae)","Kysna
In-Game
Phasmophobia",0.000 MB,"Dec 23, 2022 @ 2:17am","Dec 23, 2022 @ 2:18am",Niveau crée par Kysna,No,Yes,3,0,0,N/A
0RBITALIS,278440,https://steamcommunity.com/app/278440/workshop/,346,346,"2022-12-02, Adur (4 D Volans)",Adur,0.000 MB,"Dec 2, 2022 @ 9:23am",N/A,Niveau crée par Adur,No,Yes,1,0,0,N/A
0RBITALIS,278440,https://steamcommunity.com/app/278440/workshop/,346,346,"2022-10-26, shadowcy (Rho Librae)",shadowcy,0.001 MB,"Oct 26, 2022 @ 5:18pm",N/A,A level created by shadowcy,No,Yes,6,0,1,N/A
0RBITALIS,278440,https://steamcommunity.com/app/278440/workshop/,346,346,"2022-10-17, BoomChuck (16 D Telescopium)",BoomChuck,0.001 MB,"Oct 17, 2022 @ 9:51pm",N/A,A level created by BoomChuck,No,Yes,2,0,1,N/A
0RBITALIS,278440,https://steamcommunity.com/app/278440/workshop/,346,346,"2022-06-28, Tid3hunt3r (Pi Vulpeculae)",Tid3hunt3r,0.000 MB,"Jun 28, 2022 @ 1:12pm",N/A,Level erstellt von Tid3hunt3r,No,Yes,6,0,1,N/A
0RBITALIS,278440,https://steamcommunity.com/app/278440/workshop/,346,346,"2022-04-29, mariusmagnus02 (Tau Piscium)",mariusmagnus02,0.000 MB,"Apr 29, 2022 @ 4:05pm",N/A,Un livello creato da mariusmagnus02,No,Yes,4,0,1,N/A
0RBITALIS,278440,https://steamcommunity.com/app/278440/workshop/,346,346,"2022-04-13, Thelegende2 (Beta Herculis)",Thelegende2,0.000 MB,"Apr 13, 2022 @ 1:23pm",N/A,A level created by Thelegende2,No,Yes,4,0,2,N/A
0RBITALIS,278440,https://steamcommunity.com/app/278440/workshop/,346,346,"2022-02-12, Paf (90 Volans)",Paf,0.001 MB,"Feb 12, 2022 @ 1:30pm",N/A,Niveau crée par Paf,No,Yes,5,0,2,N/A
0RBITALIS,278440,https://steamcommunity.com/app/278440/workshop/,346,346,"2022-02-08, Husk3y3 (Theta Ursae Minoris)",Husk3y3,0.000 MB,"Feb 8, 2022 @ 3:30pm",N/A,Level erstellt von Husk3y3,No,Yes,3,0,1,N/A
0RBITALIS,278440,https://steamcommunity.com/app/278440/workshop/,346,346,"2022-01-12, NextTimeGadget (Phi Cas)",NextTimeGadget,0.000 MB,"Jan 12, 2022 @ 10:04pm",N/A,A level created by NextTimeGadget,No,Yes,6,0,2,N/A
0RBITALIS,278440,https://steamcommunity.com/app/278440/workshop/,346,346,"2021-12-12, G0ND (99 Carina)",Goumba,0.001 MB,"Dec 12, 2021 @ 2:43pm",N/A,A level created by G0ND,No,Yes,5,0,3,N/A
0RBITALIS,278440,https://steamcommunity.com/app/278440/workshop/,346,346,"2021-09-11, Ildriss (59 Eri)",Ildriss,0.000 MB,"Sep 10, 2021 @ 9:18pm",N/A,A level created by Ildriss,No,Yes,5,1,2,N/A
0RBITALIS,278440,https://steamcommunity.com/app/278440/workshop/,346,346,"2021-09-01, mxshaw5 (55 Tauri)",mxshaw5,0.001 MB,"Sep 1, 2021 @ 10:47am",N/A,A level created by mxshaw5,No,Yes,6,0,1,N/A
0RBITALIS,278440,https://steamcommunity.com/app/278440/workshop/,346,346,"2021-08-06, ЛaШ (60 L Aquarius)","Lars
Online",0.000 MB,"Aug 6, 2021 @ 3:55pm",N/A,A level created by ЛaШ,No,Yes,2,0,1,N/A
0RBITALIS,278440,https://steamcommunity.com/app/278440/workshop/,346,346,"2021-08-06, ЛaШ (32 Canis Major)","Lars
Online",0.000 MB,"Aug 6, 2021 @ 3:54pm",N/A,A level created by ЛaШ,No,Yes,1,0,0,N/A
0RBITALIS,278440,https://steamcommunity.com/app/278440/workshop/,346,346,"2021-07-15, ﷽ (70 Corvus)",clouds,0.000 MB,"Jul 16, 2021 @ 12:14am",N/A,A level created by ﷽,No,Yes,7,0,0,N/A
0RBITALIS,278440,https://steamcommunity.com/app/278440/workshop/,346,346,"2021-06-20, kordy (Epsilon Serpentis)","kordy
Online",0.000 MB,"Jun 20, 2021 @ 11:15am",N/A,A level created by kordy,No,Yes,1,0,0,N/A
0RBITALIS,278440,https://steamcommunity.com/app/278440/workshop/,346,346,"2021-05-04, Berry Delight (91 B Taurus)",Berry Delight,0.000 MB,"May 4, 2021 @ 11:56am",N/A,A level created by Berry Delight,No,Yes,1,0,0,N/A
0RBITALIS,278440,https://steamcommunity.com/app/278440/workshop/,346,346,"2021-04-22, tjanator (8 G Ursa Major)","tjanator
Online",0.000 MB,"Apr 22, 2021 @ 12:35am",N/A,A level created by tjanator,No,Yes,1,0,1,N/A
0RBITALIS,278440,https://steamcommunity.com/app/278440/workshop/,346,346,"2021-04-02, mjaw10 (52 Cygnus)",mjaw10,0.000 MB,"Apr 2, 2021 @ 2:31pm",N/A,A level created by mjaw10,No,Yes,3,0,1,N/A
0RBITALIS,278440,https://steamcommunity.com/app/278440/workshop/,346,346,"2021-03-09, Alexis (Kappa Leonis)","Alexis
Online",0.000 MB,"Mar 9, 2021 @ 5:05pm","Mar 9, 2021 @ 5:06pm",A level created by Alexis,No,Yes,7,0,3,N/A
0RBITALIS,278440,https://steamcommunity.com/app/278440/workshop/,346,346,"2021-02-03, AstronomicA (Tau Gruis)",AstronomicA,0.000 MB,"Feb 3, 2021 @ 4:49am",N/A,A level created by AstronomicA,No,Yes,1,0,0,N/A
0RBITALIS,278440,https://steamcommunity.com/app/278440/workshop/,346,346,"2021-02-03, AstronomicA (48 T Ursa Minor)",AstronomicA,0.000 MB,"Feb 3, 2021 @ 4:49am",N/A,A level created by AstronomicA,No,Yes,1,0,0,N/A
0RBITALIS,278440,https://steamcommunity.com/app/278440/workshop/,346,346,"2021-01-31, TheSuperNoob (Omega Sagittarii)",TheSuperNoob,0.000 MB,"Jan 31, 2021 @ 3:30pm",N/A,A level created by TheSuperNoob,No,Yes,1,0,0,N/A
0RBITALIS,278440,https://steamcommunity.com/app/278440/workshop/,346,346,"2020-12-15, CMSTerraNova (47 Mensa)",CMSTerraNova,0.000 MB,"Dec 15, 2020 @ 12:01pm","Dec 15, 2020 @ 12:03pm",A level created by CMSTerraNova,No,Yes,3,0,1,N/A
0RBITALIS,278440,https://steamcommunity.com/app/278440/workshop/,346,346,"2020-11-19, riggingchimp (7 Sagittarii)","riggingchimp
Online",0.000 MB,"Nov 19, 2020 @ 8:21am",N/A,A level created by riggingchimp,No,Yes,3,0,0,N/A
0RBITALIS,278440,https://steamcommunity.com/app/278440/workshop/,346,346,"2020-11-12, ||||||||||||| (83 L Aries)",|||||||||||||,0.000 MB,"Nov 12, 2020 @ 4:11pm",N/A,Niveau crée par |||||||||||||,No,Yes,1,0,0,N/A
0RBITALIS,278440,https://steamcommunity.com/app/278440/workshop/,346,346,"2020-11-11, r4m3 (Kappa Librae)",r4,0.000 MB,"Nov 11, 2020 @ 8:33am",N/A,Poziom stworzony przez r4m3,No,Yes,2,0,0,N/A
0RBITALIS,278440,https://steamcommunity.com/app/278440/workshop/,346,346,"2020-10-05, WoodlandSpirit (6 T Monoceros)","WoodlandSpirit
Online",0.000 MB,"Oct 5, 2020 @ 8:12am",N/A,A level created by WoodlandSpirit,No,Yes,1,0,1,N/A
0RBITALIS,278440,https://steamcommunity.com/app/278440/workshop/,346,346,"2020-09-25, The Entire Soviet Union (74 Pavonis)",The Entire Soviet Union,0.000 MB,"Sep 25, 2020 @ 11:14pm",N/A,A level created by The Entire Soviet Union,No,Yes,1,0,0,N/A
0RBITALIS,278440,https://steamcommunity.com/app/278440/workshop/,346,346,"2020-08-15, PsychosisInducedTramaCerbalPalsy (Kappa Orionis)",PsychosisInducedTramaCerbalPalsy,0.000 MB,"Aug 14, 2020 @ 7:45pm",N/A,A level created by PsychosisInducedTramaCerbalPalsy,No,Yes,1,0,0,N/A
0RBITALIS,278440,https://steamcommunity.com/app/278440/workshop/,346,346,"2020-05-27, brutaldeluxe09 (9 Librae)",brutaldeluxe09,0.000 MB,"May 27, 2020 @ 7:24am",N/A,A level created by brutaldeluxe09,No,Yes,2,0,0,N/A
0RBITALIS,278440,https://steamcommunity.com/app/278440/workshop/,346,346,"2020-05-07, < blank > (79 A Circinus)",< blank >,0.001 MB,"May 6, 2020 @ 7:06pm",N/A,A level created by < blank >,No,Yes,1,0,0,N/A
0RBITALIS,278440,https://steamcommunity.com/app/278440/workshop/,346,346,"2020-04-25, sir_ollibolli (Eta Pavonis)","sir_ollibolli
Online",0.000 MB,"Apr 25, 2020 @ 5:18pm",N/A,Level erstellt von sir_ollibolli,No,Yes,1,0,0,N/A
0RBITALIS,278440,https://steamcommunity.com/app/278440/workshop/,346,346,"2020-01-22, K1ngD3ath_PC (12 Sagittarius)","K1ngD3ath_PC
Online",0.000 MB,"Jan 22, 2020 @ 3:08am",N/A,A level created by K1ngD3ath_PC,No,Yes,8,0,3,N/A
0RBITALIS,278440,https://steamcommunity.com/app/278440/workshop/,346,346,"2020-01-21, Franyo (Phi Herculis)","Franyo
Online",0.000 MB,"Jan 20, 2020 @ 7:07pm","Jan 20, 2020 @ 7:07pm",Niveau crée par Franyo,No,Yes,2,0,0,N/A
0RBITALIS,278440,https://steamcommunity.com/app/278440/workshop/,346,346,"2020-01-12, bto745 (4 Ceti)",bto745,0.000 MB,"Jan 12, 2020 @ 10:41pm",N/A,A level created by bto745,No,Yes,1,0,1,N/A
0RBITALIS,278440,https://steamcommunity.com/app/278440/workshop/,346,346,"2019-11-18, cV UltzZ <3 (39 Carina)",Ultiare,0.000 MB,"Nov 18, 2019 @ 7:21am",N/A,A level created by cV UltzZ <3,No,Yes,10,0,0,N/A
0RBITALIS,278440,https://steamcommunity.com/app/278440/workshop/,346,346,"2019-10-07, CCLAB3 (Omicron Corvi)",CCLAB3,0.001 MB,"Oct 7, 2019 @ 1:00pm","Oct 10, 2019 @ 12:32pm",A level created by CCLAB3,No,Yes,3,0,0,N/A
0RBITALIS,278440,https://steamcommunity.com/app/278440/workshop/,346,346,"2019-10-06, AlasPoorYorick (29 V Canis Major)","AlasPoorYorick
Online",0.000 MB,"Oct 6, 2019 @ 2:34pm","Oct 6, 2019 @ 4:42pm",A level created by AlasPoorYorick,No,Yes,1,0,0,N/A
0RBITALIS,278440,https://steamcommunity.com/app/278440/workshop/,346,346,"2019-08-17, Punk (43 Lyrae)",Punk,0.001 MB,"Aug 17, 2019 @ 12:12pm",N/A,A level created by Punk,No,Yes,1,0,0,N/A
0RBITALIS,278440,https://steamcommunity.com/app/278440/workshop/,346,346,"2019-07-30, Vantree (66 Perseus)",Vantree,0.000 MB,"Jul 30, 2019 @ 8:47am",N/A,Уровень создал(а) Vantree,No,Yes,1,0,0,N/A
0RBITALIS,278440,https://steamcommunity.com/app/278440/workshop/,346,346,"2019-07-21, CCM1978 (Omicron Tauri)",CCM1978,0.000 MB,"Jul 20, 2019 @ 6:36pm",N/A,A level created by CCM1978,No,Yes,1,0,0,N/A
0RBITALIS,278440,https://steamcommunity.com/app/278440/workshop/,346,346,"2019-07-20, [I<3NUKES] (Chi Lyrae)",[I<3NUKES],0.000 MB,"Jul 20, 2019 @ 7:48am",N/A,Nivel creado por [I<3NUKES],No,Yes,2,0,0,N/A
0RBITALIS,278440,https://steamcommunity.com/app/278440/workshop/,346,346,"2019-06-15, Paf (86 Corona Borealis)",Paf,0.000 MB,"Jun 15, 2019 @ 7:47am",N/A,A level created by Paf,No,Yes,3,0,0,N/A
0RBITALIS,278440,https://steamcommunity.com/app/278440/workshop/,346,346,"2019-06-12, NotQuiteAnarchist (32 Sagittarii)",NotQuiteAnarchist,0.000 MB,"Jun 12, 2019 @ 10:22am",N/A,A level created by NotQuiteAnarchist,No,Yes,1,0,0,N/A
0RBITALIS,278440,https://steamcommunity.com/app/278440/workshop/,346,346,"2019-06-02, Jaifriedpork (48 Cephei)",SymTrkl,0.000 MB,"Jun 2, 2019 @ 8:31pm",N/A,A level created by Jaifriedpork,No,Yes,1,0,0,N/A
0RBITALIS,278440,https://steamcommunity.com/app/278440/workshop/,346,346,"2019-05-03, Cacophony (36 Hercules)",Cacophony,0.000 MB,"May 3, 2019 @ 5:30am",N/A,A level created by Cacophony,No,Yes,1,0,0,N/A
0RBITALIS,278440,https://steamcommunity.com/app/278440/workshop/,346,346,"2019-05-02, schizzo31 (Omega Crateris)",schizzo31,0.000 MB,"May 2, 2019 @ 3:07pm",N/A,Un livello creato da schizzo31,No,Yes,1,0,0,N/A
0RBITALIS,278440,https://steamcommunity.com/app/278440/workshop/,346,346,"2019-05-01, HankisOn (Theta Columbae)","HankisOn
Online",0.000 MB,"Apr 30, 2019 @ 6:26pm",N/A,Level erstellt von HankisOn,No,Yes,1,0,0,N/A
0RBITALIS,278440,https://steamcommunity.com/app/278440/workshop/,346,346,"2019-01-17, Fabien (63 Monoceros)",Fabien,0.000 MB,"Jan 17, 2019 @ 5:42pm",N/A,Niveau crée par Fabien,No,Yes,2,0,0,N/A
0RBITALIS,278440,https://steamcommunity.com/app/278440/workshop/,346,346,"2019-01-17, Fabien (29 Boo)",Fabien,0.000 MB,"Jan 17, 2019 @ 5:39pm",N/A,Niveau crée par Fabien,No,Yes,1,0,0,N/A
0RBITALIS,278440,https://steamcommunity.com/app/278440/workshop/,346,346,"2019-01-04, Rabbit (21 Orion)","Neil deGrizz Tyson
Online",0.000 MB,"Jan 4, 2019 @ 3:46pm",N/A,Level erstellt von Rabbit,No,Yes,1,0,0,N/A
0RBITALIS,278440,https://steamcommunity.com/app/278440/workshop/,346,346,"2018-12-15, Tmuffy (93 Ari)","Tmuffy
Online",0.001 MB,"Dec 15, 2018 @ 6:19pm",N/A,A level created by Tmuffy,No,Yes,1,0,0,N/A
0RBITALIS,278440,https://steamcommunity.com/app/278440/workshop/,346,346,"2018-12-15, Mr.Evil(RU) (82 Orionis)",Mr.Evil(RU),0.000 MB,"Dec 15, 2018 @ 9:54am",N/A,Уровень создал(а) Mr.Evil(RU),No,Yes,4,0,1,N/A
0RBITALIS,278440,https://steamcommunity.com/app/278440/workshop/,346,346,"2018-12-10, Beauty_in_Shadows (Beta Herculis)",Beauty_in_Shadows,0.000 MB,"Dec 11, 2018 @ 12:38am",N/A,A level created by Beauty_in_Shadows,No,Yes,1,0,0,N/A
0RBITALIS,278440,https://steamcommunity.com/app/278440/workshop/,346,346,"2018-12-09, Mining15 (Phi Cas)",Mining15,0.000 MB,"Dec 9, 2018 @ 5:11pm",N/A,A level created by Mining15,No,Yes,1,0,0,N/A
0RBITALIS,278440,https://steamcommunity.com/app/278440/workshop/,346,346,"2018-12-08, ciwlx (Sigma Gruis)","ciwlx
Online",0.000 MB,"Dec 7, 2018 @ 1:30pm",N/A,A level created by ciwlx,No,Yes,1,0,0,N/A
0RBITALIS,278440,https://steamcommunity.com/app/278440/workshop/,346,346,"2018-11-10, XDClaner (5 Canum Venaticorum)",XDClaner,0.000 MB,"Nov 10, 2018 @ 1:27pm",N/A,A level created by XDClaner,No,Yes,1,0,0,N/A
0RBITALIS,278440,https://steamcommunity.com/app/278440/workshop/,346,346,"2018-11-06, Raho (43 Puppis)",Raho,0.000 MB,"Nov 6, 2018 @ 5:06pm",N/A,Level erstellt von Raho,No,Yes,2,0,0,N/A
0RBITALIS,278440,https://steamcommunity.com/app/278440/workshop/,346,346,"2018-10-20, Maverick814 (89 Ari)",Maverick814,0.001 MB,"Oct 20, 2018 @ 8:15pm",N/A,A level created by Maverick814,No,Yes,2,0,1,N/A
0RBITALIS,278440,https://steamcommunity.com/app/278440/workshop/,346,346,"2018-10-13, danielhys (83 Boo)",danielhys,0.000 MB,"Oct 12, 2018 @ 9:50pm",N/A,A level created by danielhys,No,Yes,1,0,0,N/A
0RBITALIS,278440,https://steamcommunity.com/app/278440/workshop/,346,346,"2018-08-20, Maekoth/Snake (43 O Carina)",Maekoth/Snake,0.000 MB,"Aug 20, 2018 @ 3:20am",N/A,A level created by Maekoth/Snake,No,Yes,1,0,0,N/A
0RBITALIS,278440,https://steamcommunity.com/app/278440/workshop/,346,346,"2018-08-20, Maekoth/Snake (27 Delphini)",Maekoth/Snake,0.000 MB,"Aug 20, 2018 @ 3:19am",N/A,A level created by Maekoth/Snake,No,Yes,1,0,0,N/A
0RBITALIS,278440,https://steamcommunity.com/app/278440/workshop/,346,346,"2018-08-18, Kaila (7 Caelum)","Kaila
Online",0.000 MB,"Aug 18, 2018 @ 6:28pm","Aug 18, 2018 @ 6:29pm",A level created by Kaila,No,Yes,4,0,1,N/A
0RBITALIS,278440,https://steamcommunity.com/app/278440/workshop/,346,346,"2018-08-08, gino costa (Epsilon Serpentis)","gino costa
Online",0.000 MB,"Aug 8, 2018 @ 10:21am",N/A,A level created by gino costa,No,Yes,1,0,0,N/A
0RBITALIS,278440,https://steamcommunity.com/app/278440/workshop/,346,346,"2018-08-05, GLutONgladiator (Kappa Persei)",Gluttony,0.001 MB,"Aug 5, 2018 @ 3:46pm",N/A,A level created by GLutONgladiator,No,Yes,2,0,0,N/A
0RBITALIS,278440,https://steamcommunity.com/app/278440/workshop/,346,346,"2018-07-27, DeltaDizzy (Epsilon Cancri)",DeltaDizzy,0.000 MB,"Jul 27, 2018 @ 8:38pm",N/A,A level created by DeltaDizzy,No,Yes,1,0,0,N/A
0RBITALIS,278440,https://steamcommunity.com/app/278440/workshop/,346,346,"2018-07-19, ❤ CayCay ❤ (Chi Canis Minoris)","❤ CayCay ❤
Online",0.000 MB,"Jul 19, 2018 @ 1:50pm",N/A,A level created by ❤ CayCay ❤,No,Yes,1,0,0,N/A
0RBITALIS,278440,https://steamcommunity.com/app/278440/workshop/,346,346,"2018-07-14, TheOnlyAnderson (31 Carinae)",OnlyAnderson,0.001 MB,"Jul 14, 2018 @ 4:30pm","Jul 14, 2018 @ 4:33pm",A level created by TheOnlyAnderson,No,Yes,4,0,1,N/A
0RBITALIS,278440,https://steamcommunity.com/app/278440/workshop/,346,346,"2018-06-09, Deadmeat|-P (91 Aquilae)",Dm&Co,0.000 MB,"Jun 9, 2018 @ 10:47am","Jun 9, 2018 @ 10:49am",A level created by Deadmeat|-P,No,Yes,1,0,0,N/A
0RBITALIS,278440,https://steamcommunity.com/app/278440/workshop/,346,346,"2018-05-20, SpeedxicX (34 B Phoenix)","Speedxic
Online",0.001 MB,"May 20, 2018 @ 6:34am",N/A,A level created by SpeedxicX,No,Yes,2,0,0,N/A
0RBITALIS,278440,https://steamcommunity.com/app/278440/workshop/,346,346,"2018-05-12, dissidify (53 Triangulum Australe)",dissidify,0.000 MB,"May 12, 2018 @ 2:51pm",N/A,A level created by dissidify,No,Yes,1,0,0,N/A
0RBITALIS,278440,https://steamcommunity.com/app/278440/workshop/,346,346,"2018-03-14, Espequair (71 T Grus)",Espequair,0.000 MB,"Mar 14, 2018 @ 8:28am","Mar 14, 2018 @ 8:30am",A level created by Espequair,No,Yes,2,0,0,N/A
0RBITALIS,278440,https://steamcommunity.com/app/278440/workshop/,346,346,"2018-02-24, +TheGoddamnedKamina+ (Upsilon Puppis)","+TheGoddamnedKamina+
Online",0.000 MB,"Feb 24, 2018 @ 8:14am",N/A,A level created by +TheGoddamnedKamina+,No,Yes,1,0,0,N/A
0RBITALIS,278440,https://steamcommunity.com/app/278440/workshop/,346,346,"2018-02-24, physikl (56 Tauri)",physikl,0.000 MB,"Feb 24, 2018 @ 2:09am",N/A,A level created by physikl,No,Yes,1,0,0,N/A
0RBITALIS,278440,https://steamcommunity.com/app/278440/workshop/,346,346,"2018-02-17, odezma (Omicron Corvi)",odezma,0.000 MB,"Feb 17, 2018 @ 10:38pm",N/A,A level created by odezma,No,Yes,3,0,0,N/A
0RBITALIS,278440,https://steamcommunity.com/app/278440/workshop/,346,346,"2018-01-31, Coolerbox(RUS) (58 Monoceros)",Coolerbox(RUS),0.000 MB,"Jan 31, 2018 @ 2:30pm",N/A,Уровень создал(а) Coolerbox(RUS),No,Yes,2,0,0,N/A
0RBITALIS,278440,https://steamcommunity.com/app/278440/workshop/,346,346,"2018-01-24, Jenpoui (Lambda Coronae Borealis)",Jenpoui,0.000 MB,"Jan 24, 2018 @ 11:28am",N/A,A level created by Jenpoui,No,Yes,1,0,1,N/A
0RBITALIS,278440,https://steamcommunity.com/app/278440/workshop/,346,346,"2018-01-21, Liam (61 Caelum)",DeeDumDumb,0.000 MB,"Jan 21, 2018 @ 9:00am",N/A,A level created by Liam,No,Yes,1,0,0,N/A
0RBITALIS,278440,https://steamcommunity.com/app/278440/workshop/,346,346,"2018-01-13, r3sp (Theta Aquilae)","r3sp
Online",0.000 MB,"Jan 12, 2018 @ 5:45pm",N/A,A level created by r3sp,No,Yes,8,0,0,N/A
0RBITALIS,278440,https://steamcommunity.com/app/278440/workshop/,346,346,"2017-12-28, Westrim (32 Taurus)",Westrim,0.000 MB,"Dec 29, 2017 @ 2:14am",N/A,A level created by Westrim,No,Yes,1,0,0,N/A
0RBITALIS,278440,https://steamcommunity.com/app/278440/workshop/,346,346,"2017-11-26, kaswet (88 Pavonis)","kaswet
Online",0.000 MB,"Nov 26, 2017 @ 5:31am",N/A,A level created by kaswet,No,Yes,3,0,1,N/A
0RBITALIS,278440,https://steamcommunity.com/app/278440/workshop/,346,346,"2017-11-01, SugarySnax (63 Ceti)",Katsaurus Catslaptus,0.000 MB,"Nov 1, 2017 @ 3:23am",N/A,A level created by SugarySnax,No,Yes,1,0,0,N/A
0RBITALIS,278440,https://steamcommunity.com/app/278440/workshop/,346,346,"2017-10-31, MattTheGreat (41 Q Piscis Austrinus)",Matt AL,0.000 MB,"Oct 31, 2017 @ 6:02pm",N/A,A level created by MattTheGreat,No,Yes,2,0,0,N/A
0RBITALIS,278440,https://steamcommunity.com/app/278440/workshop/,346,346,"2017-10-27, Brim Of Obscurity (98 Vulpeculae)",Brim Of Obscurity,0.000 MB,"Oct 27, 2017 @ 12:11pm",N/A,A level created by Brim Of Obscurity,No,Yes,2,0,0,N/A
0RBITALIS,278440,https://steamcommunity.com/app/278440/workshop/,346,346,"2017-10-08, Kona Milano (48 Tucana)",Kona Milano,0.001 MB,"Oct 8, 2017 @ 4:12am",N/A,A level created by Kona Milano,No,Yes,2,0,0,N/A
0RBITALIS,278440,https://steamcommunity.com/app/278440/workshop/,346,346,"2017-10-07, CrjjX (85 Cephei)",CrjjX,0.000 MB,"Oct 7, 2017 @ 1:39pm",N/A,A level created by CrjjX,No,Yes,1,0,0,N/A
0RBITALIS,278440,https://steamcommunity.com/app/278440/workshop/,346,346,"2017-10-02, thevi (56 P Fornax)",thevi,0.001 MB,"Oct 1, 2017 @ 6:02pm",N/A,Nivel creado por thevi,No,Yes,1,0,0,N/A
0RBITALIS,278440,https://steamcommunity.com/app/278440/workshop/,346,346,"2017-09-10, Andr3wWw (3 G Caelum)","Andr3wWw
In-Game
Half-Life 2: Episode Two",0.000 MB,"Sep 10, 2017 @ 10:37am",N/A,A level created by Andr3wWw,No,Yes,2,0,0,N/A
0RBITALIS,278440,https://steamcommunity.com/app/278440/workshop/,346,346,"2017-08-26, Суровый моряк (Lambda Cas)","Суровый моряк
In-Game
X4: Foundations",0.000 MB,"Aug 26, 2017 @ 7:09am",N/A,Уровень создал(а) Суровый моряк,No,Yes,12,0,1,N/A
0RBITALIS,278440,https://steamcommunity.com/app/278440/workshop/,346,346,"2017-08-14, Len Kagamine (Beta Persei)",Len Kagamine,0.000 MB,"Aug 14, 2017 @ 7:56pm",N/A,A level created by Len Kagamine,No,Yes,2,0,1,N/A
0RBITALIS,278440,https://steamcommunity.com/app/278440/workshop/,346,346,"2017-08-12, Xtaroth (58 Delphini)",Xtaroth,0.000 MB,"Aug 12, 2017 @ 2:34pm",N/A,A level created by Xtaroth,No,Yes,1,0,0,N/A
0RBITALIS,278440,https://steamcommunity.com/app/278440/workshop/,346,346,"2017-08-10, LushSlummer (31 Camelopardalis)",LushSlummer,0.000 MB,"Aug 10, 2017 @ 10:28am",N/A,A level created by LushSlummer,No,Yes,4,0,0,N/A
0RBITALIS,278440,https://steamcommunity.com/app/278440/workshop/,346,346,"2017-07-12, Crit Happens (11 Vulpecula)",mellotron,0.001 MB,"Jul 12, 2017 @ 3:24am",N/A,A level created by Crit Happens,No,Yes,1,0,0,N/A
0RBITALIS,278440,https://steamcommunity.com/app/278440/workshop/,346,346,"2017-07-02, trigger_raphael (82 P Auriga)","trigger_raphael
Online",0.000 MB,"Jul 2, 2017 @ 3:12pm",N/A,A level created by trigger_raphael,No,Yes,1,0,0,N/A
0RBITALIS,278440,https://steamcommunity.com/app/278440/workshop/,346,346,"2017-06-29, Xtahua (76 Sagittarius)",Xtahua,0.000 MB,"Jun 28, 2017 @ 1:03pm",N/A,A level created by Xtahua,No,Yes,1,0,0,N/A
0RBITALIS,278440,https://steamcommunity.com/app/278440/workshop/,346,346,Equelembae Armnstrosis (Eh-que-lem-b-aye Arn-strose-is),Deltonus,0.001 MB,"Jun 18, 2017 @ 10:48pm","Jun 18, 2017 @ 10:50pm","A binary star system
I did my best to fine tune the star speeds, not perfect though ;-;",No,Yes,7,0,1,N/A
0RBITALIS,278440,https://steamcommunity.com/app/278440/workshop/,346,346,"2017-06-18, FalseProphetSchnitzel (18 Ophiuchi)",FalseProphetSchnitzel,0.000 MB,"Jun 18, 2017 @ 4:09pm",N/A,A level created by FalseProphetSchnitzel,No,Yes,2,0,0,N/A
0RBITALIS,278440,https://steamcommunity.com/app/278440/workshop/,346,346,"2017-06-14, ZuHolder (20 Apus)",ZuHolder,0.001 MB,"Jun 14, 2017 @ 12:39pm","Jun 14, 2017 @ 12:40pm",A level created by ZuHolder,No,Yes,1,0,0,N/A
0RBITALIS,278440,https://steamcommunity.com/app/278440/workshop/,346,346,"2017-06-07, Bel-Shamharoth (8 Trianguli)",Guizhong,0.000 MB,"Jun 7, 2017 @ 5:27pm","Jun 7, 2017 @ 5:29pm",A level created by Bel-Shamharoth,No,Yes,3,0,0,N/A
0RBITALIS,278440,https://steamcommunity.com/app/278440/workshop/,346,346,"2017-05-31, dissidify (77 Cepheus)",dissidify,0.000 MB,"May 31, 2017 @ 6:02pm",N/A,A level created by dissidify,No,Yes,1,0,0,N/A
0RBITALIS,278440,https://steamcommunity.com/app/278440/workshop/,346,346,"2017-05-26, [TLV] Aperture Junkie (19 G Ursa Major)",[TLV] Sibilant Scribe,0.000 MB,"May 26, 2017 @ 4:27pm",N/A,A level created by [TLV] Aperture Junkie,No,Yes,1,0,0,N/A
0RBITALIS,278440,https://steamcommunity.com/app/278440/workshop/,346,346,"2017-05-15, ThatDarnPhil (4 V Pictor)",ThatDarnPhil,0.000 MB,"May 15, 2017 @ 4:34pm",N/A,A level created by ThatDarnPhil,No,Yes,1,0,0,N/A
0RBITALIS,278440,https://steamcommunity.com/app/278440/workshop/,346,346,"2017-05-15, Supernothing (Omega Ursae Majoris)",Supernothing,0.000 MB,"May 15, 2017 @ 2:41am",N/A,A level created by Supernothing,No,Yes,3,0,0,N/A
0RBITALIS,278440,https://steamcommunity.com/app/278440/workshop/,346,346,"2017-05-11, Quaskaii (Sigma Cygni)",Kaskaii,0.000 MB,"May 11, 2017 @ 10:49am",N/A,A level created by Quaskaii,No,Yes,1,0,0,N/A
0RBITALIS,278440,https://steamcommunity.com/app/278440/workshop/,346,346,"2017-05-11, Quaskaii (59 V Lacerta)",Kaskaii,0.000 MB,"May 11, 2017 @ 10:06am",N/A,A level created by Quaskaii,No,Yes,4,0,0,N/A
0RBITALIS,278440,https://steamcommunity.com/app/278440/workshop/,346,346,"2017-05-06, KingBarozek (17 Aquilae)",Captain Shnaps,0.000 MB,"May 6, 2017 @ 4:45pm",N/A,A level created by KingBarozek,No,Yes,1,0,0,N/A
0RBITALIS,278440,https://steamcommunity.com/app/278440/workshop/,346,346,"2017-05-06, KingBarozek (Omega Draconis)",Captain Shnaps,0.000 MB,"May 6, 2017 @ 4:44pm",N/A,A level created by KingBarozek,No,Yes,1,0,0,N/A
0RBITALIS,278440,https://steamcommunity.com/app/278440/workshop/,346,346,"2017-05-06, KingBarozek (Upsilon Tauri)",Captain Shnaps,0.000 MB,"May 6, 2017 @ 4:44pm",N/A,A level created by KingBarozek,No,Yes,1,0,0,N/A
0RBITALIS,278440,https://steamcommunity.com/app/278440/workshop/,346,346,"2017-04-12, Xoco Gir ♛ (Sigma Crucis)",xocobo12,0.000 MB,"Apr 12, 2017 @ 1:39am",N/A,Nivel creado por Xoco Gir ♛,No,Yes,3,0,0,N/A
0RBITALIS,278440,https://steamcommunity.com/app/278440/workshop/,346,346,"2017-04-03, rainy (80 Velorum)",Pattasaurus,0.000 MB,"Apr 3, 2017 @ 9:38am",N/A,A level created by rainy,No,Yes,1,0,0,N/A
0RBITALIS,278440,https://steamcommunity.com/app/278440/workshop/,346,346,"2017-03-30, ZimnyLech (96 Librae)",ZimnyLech,0.001 MB,"Mar 30, 2017 @ 11:35am","Mar 30, 2017 @ 11:35am",Poziom stworzony przez ZimnyLech,No,Yes,1,0,0,N/A
0RBITALIS,278440,https://steamcommunity.com/app/278440/workshop/,346,346,"2017-03-27, Tickled Pofu (Theta Aurigae)",Melllllllon,0.000 MB,"Mar 27, 2017 @ 12:55am",N/A,A level created by Tickled Pofu,No,Yes,3,0,0,N/A
0RBITALIS,278440,https://steamcommunity.com/app/278440/workshop/,346,346,"2017-03-26, PsixopatCSGOCasino.net (Kappa Boo)","Sit under the table
Online",0.001 MB,"Mar 26, 2017 @ 7:35am",N/A,Уровень создал(а) {LINK REMOVED},No,Yes,1,0,0,N/A
0RBITALIS,278440,https://steamcommunity.com/app/278440/workshop/,346,346,"2017-03-11, Serbz (55 Apus)",Serbz,0.000 MB,"Mar 11, 2017 @ 8:06pm",N/A,A level created by Serbz,No,Yes,1,0,0,N/A
0RBITALIS,278440,https://steamcommunity.com/app/278440/workshop/,346,346,"2017-03-05, Fetchbeer™ (Iota Librae)",Juneau™,0.000 MB,"Mar 5, 2017 @ 3:20pm",N/A,A level created by Fetchbeer™,No,Yes,1,0,0,N/A
0RBITALIS,278440,https://steamcommunity.com/app/278440/workshop/,346,346,"2017-02-22, HankisOn (35 O Cepheus)","HankisOn
Online",0.000 MB,"Feb 22, 2017 @ 2:26pm",N/A,Level erstellt von HankisOn,No,Yes,1,0,0,N/A
0RBITALIS,278440,https://steamcommunity.com/app/278440/workshop/,346,346,"2017-02-21, seergjej (71 Phoenicis)",seergjej,0.000 MB,"Feb 21, 2017 @ 11:35am","Feb 21, 2017 @ 11:36am",Un livello creato da seergjej,No,Yes,3,0,0,N/A
0RBITALIS,278440,https://steamcommunity.com/app/278440/workshop/,346,346,"2017-02-04, Sora (70 A Triangulum)","Izuna
Online",0.000 MB,"Feb 3, 2017 @ 11:18pm",N/A,A level created by Sora,No,Yes,1,0,1,N/A
0RBITALIS,278440,https://steamcommunity.com/app/278440/workshop/,346,346,"2017-01-26, CRAMPE (Theta Equulei)",CRAMPE,0.001 MB,"Jan 26, 2017 @ 8:17am",N/A,Niveau crée par CRAMPE,No,Yes,2,0,0,N/A
0RBITALIS,278440,https://steamcommunity.com/app/278440/workshop/,346,346,"2017-01-20, Brothas (81 Telescopium)","Brothas
Online",0.000 MB,"Jan 19, 2017 @ 7:38pm",N/A,A level created by Brothas,No,Yes,1,0,0,N/A
0RBITALIS,278440,https://steamcommunity.com/app/278440/workshop/,346,346,"2017-01-16, smerik (15 I Delphinus)",smerik,0.000 MB,"Jan 16, 2017 @ 12:40pm",N/A,A level created by smerik,No,Yes,2,0,1,N/A
0RBITALIS,278440,https://steamcommunity.com/app/278440/workshop/,346,346,"2017-01-12, khenderson99 (43 A Indus)","khenderson99
Online",0.001 MB,"Jan 12, 2017 @ 3:39am",N/A,A level created by khenderson99,No,Yes,1,0,0,N/A
0RBITALIS,278440,https://steamcommunity.com/app/278440/workshop/,346,346,"2017-01-04, RalphVader (Beta Sagittarii)",RalphVader,0.000 MB,"Jan 4, 2017 @ 2:03am",N/A,A level created by RalphVader,No,Yes,2,0,1,N/A
0RBITALIS,278440,https://steamcommunity.com/app/278440/workshop/,346,346,"2016-12-29, ShipWreck (Lambda Canis Majoris)",ShipWreck,0.000 MB,"Dec 29, 2016 @ 2:14pm",N/A,A level created by ShipWreck,No,Yes,1,0,1,N/A
0RBITALIS,278440,https://steamcommunity.com/app/278440/workshop/,346,346,"2016-12-27, Spaghetti and Meatballs (51 Persei)",Smitchy_The_Kidd,0.000 MB,"Dec 27, 2016 @ 10:11pm",N/A,A level created by Spaghetti and Meatballs,No,Yes,2,0,0,N/A
0RBITALIS,278440,https://steamcommunity.com/app/278440/workshop/,346,346,"2016-12-09, Christopher (6 Sculptor)",Christopher,0.000 MB,"Dec 9, 2016 @ 8:17am",N/A,A level created by Christopher,No,Yes,2,0,0,N/A
0RBITALIS,278440,https://steamcommunity.com/app/278440/workshop/,346,346,"2016-12-07, RainerWahnsinn (19 Crucis)",Rainova,0.000 MB,"Dec 7, 2016 @ 3:47pm",N/A,Level erstellt von RainerWahnsinn,No,Yes,1,0,0,N/A
0RBITALIS,278440,https://steamcommunity.com/app/278440/workshop/,346,346,"2016-12-07, RainerWahnsinn (44 Puppis)",Rainova,0.001 MB,"Dec 7, 2016 @ 3:47pm",N/A,Level erstellt von RainerWahnsinn,No,Yes,2,0,0,N/A
0RBITALIS,278440,https://steamcommunity.com/app/278440/workshop/,346,346,"2016-11-24, Das Tzamo (64 Crucis)",Das Tzamo,0.000 MB,"Nov 24, 2016 @ 2:50pm","Nov 24, 2016 @ 2:51pm",A level created by Das Tzamo,No,Yes,1,0,0,N/A
0RBITALIS,278440,https://steamcommunity.com/app/278440/workshop/,346,346,"2016-11-23, Flobb212 (Rho Draconis)",Flobb212,0.000 MB,"Nov 23, 2016 @ 3:52pm",N/A,A level created by Flobb212,No,Yes,1,0,0,N/A
0RBITALIS,278440,https://steamcommunity.com/app/278440/workshop/,346,346,"2016-11-23, Sean (68 Equulei)",Sean,0.001 MB,"Nov 23, 2016 @ 4:20am",N/A,A level created by Sean,No,Yes,1,0,0,N/A
0RBITALIS,278440,https://steamcommunity.com/app/278440/workshop/,346,346,"2016-11-05, Justin (Zeta Ari)",Justin,0.000 MB,"Nov 5, 2016 @ 1:09pm",N/A,A level created by Justin,No,Yes,1,0,0,N/A
0RBITALIS,278440,https://steamcommunity.com/app/278440/workshop/,346,346,"2016-10-12, Kromlek gaming (Alpha Phoenicis)",Kromlek,0.000 MB,"Oct 12, 2016 @ 7:43am",N/A,Niveau crée par Kromlek gaming,No,Yes,8,0,0,N/A
0RBITALIS,278440,https://steamcommunity.com/app/278440/workshop/,346,346,"2016-10-08, Ocaña (Kappa Aquarii)",Ocaña,0.000 MB,"Oct 8, 2016 @ 12:16am",N/A,A level created by Ocaña,No,Yes,1,0,0,N/A
0RBITALIS,278440,https://steamcommunity.com/app/278440/workshop/,346,346,"2016-10-02, Aodhan (Eta Phoenicis)",Aodhan,0.000 MB,"Oct 2, 2016 @ 4:27pm",N/A,A level created by Aodhan,No,Yes,1,0,0,N/A
0RBITALIS,278440,https://steamcommunity.com/app/278440/workshop/,346,346,"2016-09-25, Directed Acyclic (40 O Mensa)",Directed Acyclic,0.000 MB,"Sep 25, 2016 @ 6:54am",N/A,A level created by Directed Acyclic,No,Yes,1,0,0,N/A
0RBITALIS,278440,https://steamcommunity.com/app/278440/workshop/,346,346,"2016-09-24, Hairok (34 Ceti)",Hairok,0.000 MB,"Sep 24, 2016 @ 10:06am",N/A,A level created by Hairok,No,Yes,1,0,0,N/A
0RBITALIS,278440,https://steamcommunity.com/app/278440/workshop/,346,346,"2016-09-03, Winnie The God (4 R Crater)",Ashkii,0.000 MB,"Sep 2, 2016 @ 9:37pm",N/A,Уровень создал(а) Winnie The God,No,Yes,3,0,0,N/A
0RBITALIS,278440,https://steamcommunity.com/app/278440/workshop/,346,346,"2016-08-14, PatsDark (84 Cetus)",PatϟDark,0.002 MB,"Aug 14, 2016 @ 2:43am","Aug 14, 2016 @ 2:44am",A level created by PatsDark,No,Yes,2,0,0,N/A
0RBITALIS,278440,https://steamcommunity.com/app/278440/workshop/,346,346,"2016-08-05, PAK-9 (93 Velorum)",PAK-9,0.001 MB,"Aug 5, 2016 @ 6:36pm",N/A,A level created by PAK-9,No,Yes,1,0,0,N/A
0RBITALIS,278440,https://steamcommunity.com/app/278440/workshop/,346,346,"2016-08-05, PAK-9 (7 Tauri)",PAK-9,0.001 MB,"Aug 5, 2016 @ 6:04pm",N/A,A level created by PAK-9,No,Yes,1,1,0,N/A
0RBITALIS,278440,https://steamcommunity.com/app/278440/workshop/,346,346,"2016-08-05, PAK-9 (53 Comae Berenices)",PAK-9,0.001 MB,"Aug 5, 2016 @ 5:20pm",N/A,A level created by PAK-9,No,Yes,1,0,0,N/A
0RBITALIS,278440,https://steamcommunity.com/app/278440/workshop/,346,346,"2016-08-02, Aodhan (Sigma Ursae Majoris)",Aodhan,0.001 MB,"Aug 2, 2016 @ 7:57pm",N/A,A level created by Aodhan,No,Yes,1,0,0,N/A
0RBITALIS,278440,https://steamcommunity.com/app/278440/workshop/,346,346,"2016-08-01, Aodhan (68 Andromedae)",Aodhan,0.001 MB,"Aug 1, 2016 @ 8:43pm","Aug 2, 2016 @ 8:00pm",A level created by Aodhan,No,Yes,1,0,0,N/A
0RBITALIS,278440,https://steamcommunity.com/app/278440/workshop/,346,346,"2016-08-01, Aodhan (Omega Bootis)",Aodhan,0.000 MB,"Aug 1, 2016 @ 8:19pm",N/A,A level created by Aodhan,No,Yes,1,0,0,N/A
0RBITALIS,278440,https://steamcommunity.com/app/278440/workshop/,346,346,"2016-08-01, Aodhan (36 N Canis Minor)",Aodhan,0.001 MB,"Aug 1, 2016 @ 7:19pm",N/A,A level created by Aodhan,No,Yes,1,0,0,N/A
0RBITALIS,278440,https://steamcommunity.com/app/278440/workshop/,346,346,"2016-08-01, Aodhan (7 Sagittarii)",Aodhan,0.001 MB,"Aug 1, 2016 @ 7:16pm",N/A,A level created by Aodhan,No,Yes,1,0,0,N/A
0RBITALIS,278440,https://steamcommunity.com/app/278440/workshop/,346,346,"2016-07-31, Bizzuh (7 T Eridanus)",Bizzuh,0.000 MB,"Jul 31, 2016 @ 11:31pm",N/A,A level created by Bizzuh,No,Yes,2,0,0,N/A
0RBITALIS,278440,https://steamcommunity.com/app/278440/workshop/,346,346,"2016-07-05, Doughnut (46 Sagitta)",Pietje,0.001 MB,"Jul 5, 2016 @ 1:27pm",N/A,A level created by Doughnut,No,Yes,16,0,0,N/A
0RBITALIS,278440,https://steamcommunity.com/app/278440/workshop/,346,346,"2016-06-30, moe120 (Kappa Cephei)",moe120,0.000 MB,"Jun 30, 2016 @ 5:09am",N/A,Level erstellt von moe120,No,Yes,1,0,0,N/A
0RBITALIS,278440,https://steamcommunity.com/app/278440/workshop/,346,346,"2016-06-26, popugasik (38 Bootis)",SuperCake,0.000 MB,"Jun 26, 2016 @ 3:40am",N/A,Уровень создал(а) popugasik,No,Yes,1,0,0,N/A
0RBITALIS,278440,https://steamcommunity.com/app/278440/workshop/,346,346,"2016-06-19, Frilex (10 Crateris)","Frilex
In-Game
NGU IDLE",0.001 MB,"Jun 19, 2016 @ 5:44am",N/A,Level erstellt von Frilex,No,Yes,1,0,0,N/A
0RBITALIS,278440,https://steamcommunity.com/app/278440/workshop/,346,346,"2016-06-18, F/X (7 Centauri)",F/X,0.000 MB,"Jun 17, 2016 @ 9:07pm",N/A,Level erstellt von F/X,No,Yes,1,0,0,N/A
0RBITALIS,278440,https://steamcommunity.com/app/278440/workshop/,346,346,"2016-06-18, F/X (58 B Capricornus)",F/X,0.000 MB,"Jun 17, 2016 @ 9:06pm",N/A,Level erstellt von F/X,No,Yes,1,0,0,N/A
0RBITALIS,278440,https://steamcommunity.com/app/278440/workshop/,346,346,"2016-06-09, Commanderrkeen (63 Boötes)",UncleKeen,0.000 MB,"Jun 9, 2016 @ 5:10am",N/A,A level created by Commanderrkeen,No,Yes,1,0,0,N/A
0RBITALIS,278440,https://steamcommunity.com/app/278440/workshop/,346,346,"2016-05-24, Jeodesic (22 N Dorado)",Jeodesic,0.000 MB,"May 24, 2016 @ 1:49pm",N/A,A level created by Jeodesic,No,Yes,1,0,0,N/A
0RBITALIS,278440,https://steamcommunity.com/app/278440/workshop/,346,346,"2016-05-21, Logan (46 Canum Venaticorum)","Logan
Online",0.000 MB,"May 21, 2016 @ 10:01am",N/A,Nivel creado por Logan,No,Yes,2,0,0,N/A
0RBITALIS,278440,https://steamcommunity.com/app/278440/workshop/,346,346,"2016-05-14, staurikos (53 V Auriga)",staurikos,0.000 MB,"May 14, 2016 @ 7:36pm",N/A,Nivel creado por staurikos,No,Yes,1,0,0,N/A
0RBITALIS,278440,https://steamcommunity.com/app/278440/workshop/,346,346,"2016-05-07, Fritatte (41 Equuleus)",Fritatte,0.001 MB,"May 7, 2016 @ 10:31am","May 7, 2016 @ 10:33am",A level created by Fritatte,No,Yes,1,0,0,N/A
0RBITALIS,278440,https://steamcommunity.com/app/278440/workshop/,346,346,"2016-05-06, rorutokun (Iota Serpentis)",ふふふ,0.001 MB,"May 6, 2016 @ 2:12pm",N/A,A level created by rorutokun,No,Yes,1,0,0,N/A
0RBITALIS,278440,https://steamcommunity.com/app/278440/workshop/,346,346,"2016-04-21, DangerGerbil (32 Crux)",DangerGerbil,0.000 MB,"Apr 21, 2016 @ 12:31pm",N/A,A level created by DangerGerbil,No,Yes,2,0,0,N/A
0RBITALIS,278440,https://steamcommunity.com/app/278440/workshop/,346,346,"2016-04-16, Tartuff Ω | ZENGAMING.COM (83 Sagittae)",Tartuff Ω hellcase.com,0.000 MB,"Apr 16, 2016 @ 11:30am",N/A,Niveau crée par Tartuff Ω | ZENGAMING.COM,No,Yes,4,0,2,N/A
0RBITALIS,278440,https://steamcommunity.com/app/278440/workshop/,346,346,"2016-04-15, pdziemer (49 Trianguli)","pdziemer
Online",0.000 MB,"Apr 15, 2016 @ 9:47pm",N/A,A level created by pdziemer,No,Yes,1,0,0,N/A
0RBITALIS,278440,https://steamcommunity.com/app/278440/workshop/,346,346,"2016-03-25, Wolf Man Dan (Nu Orionis)",Wolf Man Dan,0.001 MB,"Mar 25, 2016 @ 1:02pm",N/A,A level created by Wolf Man Dan,No,Yes,1,0,0,N/A
0RBITALIS,278440,https://steamcommunity.com/app/278440/workshop/,346,346,"2016-03-15, HOTDOG_GMF (40 Orionis)","HOTDOG_GMF
Online",0.000 MB,"Mar 15, 2016 @ 10:59am",N/A,A level created by HOTDOG_GMF,No,Yes,1,0,0,N/A
0RBITALIS,278440,https://steamcommunity.com/app/278440/workshop/,346,346,"2016-03-13, Enclaver (76 L Musca)",Enclaver,0.000 MB,"Mar 13, 2016 @ 3:29pm",N/A,A level created by Enclaver,No,Yes,3,0,0,N/A
0RBITALIS,278440,https://steamcommunity.com/app/278440/workshop/,346,346,"2016-03-05, AFK - dense (44 Ophiuchi)",dense,0.000 MB,"Mar 5, 2016 @ 4:14pm",N/A,A level created by AFK - dense,No,Yes,1,0,0,N/A
0RBITALIS,278440,https://steamcommunity.com/app/278440/workshop/,346,346,"2016-02-28, Ikki Taku (23 Pyxis)",Ikki Taku,0.001 MB,"Feb 28, 2016 @ 2:01pm",N/A,A level created by Ikki Taku,No,Yes,2,0,0,N/A
0RBITALIS,278440,https://steamcommunity.com/app/278440/workshop/,346,346,"2016-02-26, Bman (33 H Grus)",Bman,0.001 MB,"Feb 26, 2016 @ 11:26pm",N/A,A level created by Bman,No,Yes,1,0,0,N/A
0RBITALIS,278440,https://steamcommunity.com/app/278440/workshop/,346,346,"2016-02-26, Bman (69 Q Ursa Major)",Bman,0.000 MB,"Feb 26, 2016 @ 11:20pm",N/A,A level created by Bman,No,Yes,1,0,0,N/A
0RBITALIS,278440,https://steamcommunity.com/app/278440/workshop/,346,346,"2016-02-11, 1445ɹǝʇsɐɯoqɯıʞɐ (6 Sculptor)","Plonelover
Online",0.000 MB,"Feb 11, 2016 @ 11:05pm",N/A,A level created by 1445ɹǝʇsɐɯoqɯıʞɐ,No,Yes,1,0,0,N/A
0RBITALIS,278440,https://steamcommunity.com/app/278440/workshop/,346,346,"2016-02-11, maelxp (Pi Ceti)",maelxp,0.000 MB,"Feb 11, 2016 @ 10:53am",N/A,A level created by maelxp,No,Yes,1,0,0,N/A
0RBITALIS,278440,https://steamcommunity.com/app/278440/workshop/,346,346,"2016-02-04, safetydan (27 U Antlia)",safetydan,0.000 MB,"Feb 4, 2016 @ 4:20am",N/A,A level created by safetydan,No,Yes,1,0,0,N/A
0RBITALIS,278440,https://steamcommunity.com/app/278440/workshop/,346,346,"2016-01-29, KyleofKerbin (47 Pisces)","KyleofKerbin
Online",0.001 MB,"Jan 30, 2016 @ 12:29am",N/A,A level created by KyleofKerbin,No,Yes,1,0,0,N/A
0RBITALIS,278440,https://steamcommunity.com/app/278440/workshop/,346,346,"2016-01-12, Jak122122 (54 Virgo)",Jak122122,0.000 MB,"Jan 12, 2016 @ 4:11pm",N/A,Poziom stworzony przez Jak122122,No,Yes,1,0,0,N/A
0RBITALIS,278440,https://steamcommunity.com/app/278440/workshop/,346,346,"2016-01-10, Rule 6 (Phi Cygni)","Rule 6
Online",0.000 MB,"Jan 10, 2016 @ 2:23pm","Jan 10, 2016 @ 2:25pm",A level created by Rule 6,No,Yes,1,0,0,N/A
0RBITALIS,278440,https://steamcommunity.com/app/278440/workshop/,346,346,"2016-01-05, Dedavi[ITA] (76 Aquarius)",Dedavi[ITA],0.001 MB,"Jan 5, 2016 @ 12:39pm",N/A,Un livello creato da Dedavi[ITA],No,Yes,2,0,0,N/A
0RBITALIS,278440,https://steamcommunity.com/app/278440/workshop/,346,346,"2015-12-27, jifka[FDJGaming] (91 Lyrae)",jifmaster,0.001 MB,"Dec 27, 2015 @ 1:55pm","Dec 27, 2015 @ 2:30pm",A level created by jifka[FDJGaming],No,Yes,1,0,0,N/A
0RBITALIS,278440,https://steamcommunity.com/app/278440/workshop/,346,346,"2015-12-23, cedriclol123 (6 Piscium)","c456123789
Online",0.001 MB,"Dec 23, 2015 @ 11:26pm",N/A,Niveau crée par cedriclol123,No,Yes,2,0,0,N/A
0RBITALIS,278440,https://steamcommunity.com/app/278440/workshop/,346,346,"2015-12-15, The_Infinite_Monkey (45 Reticulum)",Le_Infinite_Monke,0.000 MB,"Dec 15, 2015 @ 8:15pm",N/A,A level created by The_Infinite_Monkey,No,Yes,2,0,1,N/A
0RBITALIS,278440,https://steamcommunity.com/app/278440/workshop/,346,346,"2015-12-13, Troth (53 L Aquila)",Trothkar,0.001 MB,"Dec 13, 2015 @ 9:25am",N/A,A level created by Troth,No,Yes,1,0,0,N/A
0RBITALIS,278440,https://steamcommunity.com/app/278440/workshop/,346,346,"2015-12-11, TV (68 Orionis)",TV,0.000 MB,"Dec 11, 2015 @ 11:47pm",N/A,A level created by TV,No,Yes,1,0,0,N/A
0RBITALIS,278440,https://steamcommunity.com/app/278440/workshop/,346,346,"2015-12-04, TalkJava (Delta Aquilae)",meh_hem,0.000 MB,"Dec 4, 2015 @ 11:46am",N/A,A level created by TalkJava,No,Yes,1,0,0,N/A
0RBITALIS,278440,https://steamcommunity.com/app/278440/workshop/,346,346,"2015-12-04, losigkeit (Nu Herculis)",losigkeit,0.001 MB,"Dec 4, 2015 @ 7:30am",N/A,Niveau crée par losigkeit,No,Yes,1,0,0,N/A
0RBITALIS,278440,https://steamcommunity.com/app/278440/workshop/,346,346,"2015-11-29, kragaar (Gamma Coronae Borealis)","kragaar
In-Game
God Of Weapons",0.000 MB,"Nov 29, 2015 @ 9:46pm",N/A,A level created by kragaar,No,Yes,1,0,0,N/A
0RBITALIS,278440,https://steamcommunity.com/app/278440/workshop/,346,346,"2015-11-29, Omnifob (68 Ursae Majoris)","Omnilibrist
Online",0.000 MB,"Nov 29, 2015 @ 11:31am",N/A,A level created by Omnifob,No,Yes,4,0,0,N/A
0RBITALIS,278440,https://steamcommunity.com/app/278440/workshop/,346,346,"2015-11-28, Altoids? (41 Pictor)",Altoids?,0.000 MB,"Nov 28, 2015 @ 8:05pm","Nov 28, 2015 @ 8:05pm",A level created by Altoids?,No,Yes,1,0,0,N/A
0RBITALIS,278440,https://steamcommunity.com/app/278440/workshop/,346,346,"2015-11-27, -}DM{-Dippingsauce (90 E Camelopardalis)","Dippingsauce
Online",0.000 MB,"Nov 27, 2015 @ 10:46pm",N/A,A level created by -}DM{-Dippingsauce,No,Yes,4,0,1,N/A
0RBITALIS,278440,https://steamcommunity.com/app/278440/workshop/,346,346,"2015-11-27, Alvíss (70 Lynx)",Alvíss,0.000 MB,"Nov 27, 2015 @ 1:47am",N/A,Niveau crée par Alvíss,No,Yes,2,0,0,N/A
0RBITALIS,278440,https://steamcommunity.com/app/278440/workshop/,346,346,"2015-11-25, stabbyjones (28 Leporis)",stabbyjones,0.000 MB,"Nov 25, 2015 @ 1:39am",N/A,A level created by stabbyjones,No,Yes,2,0,1,N/A
0RBITALIS,278440,https://steamcommunity.com/app/278440/workshop/,346,346,"2015-11-24, a.bafti (66 Leporis)",ash//,0.000 MB,"Nov 24, 2015 @ 12:59pm","Nov 24, 2015 @ 1:21pm",A level created by a.bafti,No,Yes,1,0,0,N/A
0RBITALIS,278440,https://steamcommunity.com/app/278440/workshop/,346,346,"2015-11-24, stabbyjones (25 A Lacerta)",stabbyjones,0.000 MB,"Nov 24, 2015 @ 5:22am","Nov 26, 2015 @ 6:33pm",A level created by stabbyjones,No,Yes,10,0,5,N/A
0RBITALIS,278440,https://steamcommunity.com/app/278440/workshop/,346,346,"2015-11-24, stabbyjones (Tau Sagittarii)",stabbyjones,0.000 MB,"Nov 24, 2015 @ 5:03am",N/A,A level created by stabbyjones,No,Yes,1,0,0,N/A
